"age","arousal","count_logger","count_mouse_tracker","datetime","gender","initiation_time_mouse_tracker","left_stimuli","level_of_stim","ref_stimuli","response","response_mouse_tracker","response_time_mouse_tracker","right_stimuli","time_logger","time_trial","timestamps_mouse_tracker","valence","xpos_mouse_tracker","ypos_mouse_tracker"
"26","NA","1","0","Tue Dec 13 14:11:17 2022","Male","0","triangle_4_comp.png","1","square_4_comp.png","right","right","1386","square_3_comp.png","41279","39100","[39892.0, 39902.0, 39912.0, 39922.0, 39932.0, 39942.0, 39952.0, 39962.0, 39972.0, 39982.0, 39992.0, 40002.0, 40012.0, 40022.0, 40032.0, 40042.0, 40052.0, 40062.0, 40072.0, 40082.0, 40092.0, 40102.0, 40112.0, 40122.0, 40132.0, 40142.0, 40152.0, 40162.0, 40172.0, 40182.0, 40192.0, 40202.0, 40212.0, 40222.0, 40232.0, 40242.0, 40252.0, 40262.0, 40272.0, 40282.0, 40292.0, 40302.0, 40312.0, 40322.0, 40332.0, 40342.0, 40352.0, 40362.0, 40372.0, 40382.0, 40392.0, 40402.0, 40412.0, 40422.0, 40432.0, 40442.0, 40452.0, 40462.0, 40472.0, 40482.0, 40492.0, 40502.0, 40512.0, 40522.0, 40532.0, 40542.0, 40552.0, 40562.0, 40572.0, 40582.0, 40592.0, 40602.0, 40612.0, 40622.0, 40632.0, 40642.0, 40652.0, 40662.0, 40672.0, 40682.0, 40692.0, 40702.0, 40712.0, 40722.0, 40732.0, 40742.0, 40752.0, 40762.0, 40772.0, 40782.0, 40792.0, 40802.0, 40812.0, 40822.0, 40832.0, 40842.0, 40852.0, 40862.0, 40872.0, 40882.0, 40892.0, 40902.0, 40912.0, 40922.0, 40932.0, 40942.0, 40952.0, 40962.0, 40972.0, 40982.0, 40992.0, 41002.0, 41012.0, 41022.0, 41032.0, 41042.0, 41052.0, 41062.0, 41072.0, 41082.0, 41092.0, 41102.0, 41112.0, 41122.0, 41132.0, 41142.0, 41152.0, 41162.0, 41172.0, 41182.0, 41192.0, 41202.0, 41212.0, 41222.0, 41232.0, 41242.0, 41252.0, 41262.0, 41272.0, 41278]","NA","[0, 1.0, 4.0, 5.0, 7.0, 8.0, 8.0, 8.0, 8.0, 8.0, 8.0, 8.0, 8.0, 8.0, 8.0, 8.0, 8.0, 8.0, 7.0, 7.0, 7.0, 7.0, 7.0, 7.0, 7.0, 7.0, 7.0, 7.0, 7.0, 7.0, 7.0, 7.0, 7.0, 7.0, 7.0, 7.0, 7.0, 7.0, 6.0, 6.0, 6.0, 6.0, 6.0, 6.0, 6.0, 6.0, 6.0, 6.0, 6.0, 6.0, 6.0, 6.0, 6.0, 6.0, 6.0, 6.0, 6.0, 6.0, 6.0, 6.0, 6.0, 6.0, 6.0, 6.0, 5.0, 5.0, 5.0, 5.0, 5.0, 5.0, 5.0, 5.0, 5.0, 5.0, 5.0, 5.0, 5.0, 5.0, 5.0, 6.0, 9.0, 17.0, 33.0, 52.0, 73.0, 93.0, 127.0, 157.0, 166.0, 188.0, 217.0, 232.0, 234.0, 240.0, 260.0, 282.0, 307.0, 325.0, 348.0, 358.0, 376.0, 379.0, 380.0, 380.0, 390.0, 397.0, 409.0, 415.0, 428.0, 440.0, 452.0, 460.0, 466.0, 467.0, 472.0, 477.0, 482.0, 487.0, 494.0, 504.0, 515.0, 526.0, 536.0, 544.0, 550.0, 555.0, 560.0, 563.0, 567.0, 571.0, 574.0, 576.0, 578.0, 578.0, 579.0, 579.0, 579.0, 579.0, 579.0, 579.0]","[335, 333.0, 332.0, 331.0, 330.0, 330.0, 329.0, 329.0, 329.0, 329.0, 329.0, 329.0, 329.0, 329.0, 329.0, 329.0, 329.0, 329.0, 329.0, 329.0, 329.0, 329.0, 329.0, 329.0, 329.0, 329.0, 329.0, 329.0, 330.0, 330.0, 330.0, 330.0, 330.0, 330.0, 330.0, 330.0, 330.0, 331.0, 331.0, 331.0, 331.0, 332.0, 332.0, 332.0, 332.0, 332.0, 332.0, 333.0, 333.0, 333.0, 333.0, 333.0, 333.0, 333.0, 333.0, 333.0, 333.0, 333.0, 333.0, 333.0, 333.0, 333.0, 333.0, 333.0, 333.0, 333.0, 333.0, 333.0, 333.0, 333.0, 333.0, 333.0, 333.0, 333.0, 333.0, 333.0, 333.0, 333.0, 333.0, 333.0, 331.0, 327.0, 319.0, 306.0, 291.0, 276.0, 251.0, 229.0, 222.0, 206.0, 184.0, 172.0, 171.0, 167.0, 154.0, 138.0, 118.0, 98.0, 71.0, 55.0, 33.0, 29.0, 27.0, 27.0, 18.0, 13.0, 5.0, -1.0, -16.0, -33.0, -52.0, -66.0, -75.0, -77.0, -85.0, -92.0, -100.0, -109.0, -120.0, -135.0, -153.0, -171.0, -187.0, -200.0, -209.0, -216.0, -220.0, -224.0, -227.0, -230.0, -233.0, -235.0, -237.0, -237.0, -238.0, -238.0, -238.0, -238.0, -238.0, -238.0]"
"26","NA","2","1","Tue Dec 13 14:11:17 2022","Male","960","triangle_15_comp.png","3","triangle_16_comp.png","left","left","1441","square_16_comp.png","44049","41820","[42607.0, 42617.0, 42627.0, 42637.0, 42647.0, 42657.0, 42667.0, 42677.0, 42687.0, 42697.0, 42707.0, 42717.0, 42727.0, 42737.0, 42747.0, 42757.0, 42767.0, 42777.0, 42787.0, 42797.0, 42807.0, 42817.0, 42827.0, 42837.0, 42847.0, 42857.0, 42867.0, 42877.0, 42887.0, 42897.0, 42907.0, 42917.0, 42927.0, 42937.0, 42947.0, 42957.0, 42967.0, 42977.0, 42987.0, 42997.0, 43007.0, 43017.0, 43027.0, 43037.0, 43047.0, 43057.0, 43067.0, 43077.0, 43087.0, 43097.0, 43107.0, 43117.0, 43127.0, 43137.0, 43147.0, 43157.0, 43167.0, 43177.0, 43187.0, 43197.0, 43207.0, 43217.0, 43227.0, 43237.0, 43247.0, 43257.0, 43267.0, 43277.0, 43287.0, 43297.0, 43307.0, 43317.0, 43327.0, 43337.0, 43347.0, 43357.0, 43367.0, 43377.0, 43387.0, 43397.0, 43407.0, 43417.0, 43427.0, 43437.0, 43447.0, 43457.0, 43467.0, 43477.0, 43487.0, 43497.0, 43507.0, 43517.0, 43527.0, 43537.0, 43547.0, 43557.0, 43567.0, 43577.0, 43587.0, 43597.0, 43607.0, 43617.0, 43627.0, 43637.0, 43647.0, 43657.0, 43667.0, 43677.0, 43687.0, 43697.0, 43707.0, 43717.0, 43727.0, 43737.0, 43747.0, 43757.0, 43767.0, 43777.0, 43787.0, 43797.0, 43807.0, 43817.0, 43827.0, 43837.0, 43847.0, 43857.0, 43867.0, 43877.0, 43887.0, 43897.0, 43907.0, 43917.0, 43927.0, 43937.0, 43947.0, 43957.0, 43967.0, 43977.0, 43987.0, 43997.0, 44007.0, 44017.0, 44027.0, 44037.0, 44047.0, 44048]","NA","[0, 0.0, 0.0, 0.0, 0.0, 0.0, 0.0, 0.0, 0.0, 0.0, 0.0, 0.0, 0.0, 0.0, 0.0, 0.0, 0.0, 0.0, 0.0, 0.0, 0.0, 0.0, 0.0, 0.0, 0.0, 0.0, 0.0, 0.0, 0.0, 0.0, 0.0, 0.0, 0.0, 0.0, 0.0, 0.0, 0.0, 0.0, 0.0, 0.0, 0.0, 0.0, 0.0, 0.0, 0.0, 0.0, 0.0, 0.0, 0.0, 0.0, 0.0, 0.0, 0.0, 0.0, 0.0, 0.0, 0.0, 0.0, 0.0, 0.0, 0.0, 0.0, 0.0, 0.0, 0.0, 0.0, 0.0, 0.0, 0.0, 0.0, 0.0, 0.0, 0.0, 0.0, 0.0, 0.0, 0.0, 0.0, 0.0, 0.0, 0.0, 0.0, 0.0, 0.0, 0.0, 0.0, 0.0, 0.0, 0.0, 0.0, 0.0, 0.0, 0.0, 0.0, 0.0, 0.0, 0.0, -4.0, -6.0, -9.0, -13.0, -22.0, -39.0, -61.0, -91.0, -124.0, -160.0, -196.0, -230.0, -260.0, -288.0, -314.0, -338.0, -360.0, -382.0, -403.0, -419.0, -432.0, -442.0, -449.0, -456.0, -463.0, -470.0, -475.0, -480.0, -484.0, -491.0, -500.0, -515.0, -533.0, -555.0, -579.0, -601.0, -621.0, -639.0, -657.0, -673.0, -684.0, -688.0, -688.0, -688.0, -688.0, -688.0, -688.0, -688.0, -688.0]","[335, 335.0, 335.0, 335.0, 335.0, 335.0, 335.0, 335.0, 335.0, 335.0, 335.0, 335.0, 335.0, 335.0, 335.0, 335.0, 335.0, 335.0, 335.0, 335.0, 335.0, 335.0, 335.0, 335.0, 335.0, 335.0, 335.0, 335.0, 335.0, 335.0, 335.0, 335.0, 335.0, 335.0, 335.0, 335.0, 335.0, 335.0, 335.0, 335.0, 335.0, 335.0, 335.0, 335.0, 335.0, 335.0, 335.0, 335.0, 335.0, 335.0, 335.0, 335.0, 335.0, 335.0, 335.0, 335.0, 335.0, 335.0, 335.0, 335.0, 335.0, 335.0, 335.0, 335.0, 335.0, 335.0, 335.0, 335.0, 335.0, 335.0, 335.0, 335.0, 335.0, 335.0, 335.0, 335.0, 335.0, 335.0, 335.0, 335.0, 335.0, 335.0, 335.0, 335.0, 335.0, 335.0, 335.0, 335.0, 335.0, 335.0, 335.0, 335.0, 335.0, 335.0, 335.0, 335.0, 335.0, 339.0, 339.0, 339.0, 339.0, 335.0, 325.0, 307.0, 279.0, 244.0, 204.0, 163.0, 124.0, 87.0, 54.0, 21.0, -10.0, -42.0, -72.0, -100.0, -122.0, -138.0, -149.0, -157.0, -166.0, -175.0, -183.0, -192.0, -198.0, -203.0, -209.0, -215.0, -222.0, -229.0, -235.0, -240.0, -243.0, -245.0, -246.0, -248.0, -250.0, -250.0, -251.0, -251.0, -251.0, -251.0, -251.0, -251.0, -251.0, -251.0]"
"26","NA","3","2","Tue Dec 13 14:11:17 2022","Male","1071","triangle_10_comp.png","2","square_10_comp.png","right","right","1883","square_9_comp.png","47295","44622","[45411.0, 45421.0, 45431.0, 45441.0, 45451.0, 45461.0, 45471.0, 45481.0, 45491.0, 45501.0, 45511.0, 45521.0, 45531.0, 45541.0, 45551.0, 45561.0, 45571.0, 45581.0, 45591.0, 45601.0, 45611.0, 45621.0, 45631.0, 45641.0, 45651.0, 45661.0, 45671.0, 45681.0, 45691.0, 45701.0, 45711.0, 45721.0, 45732.0, 45742.0, 45752.0, 45762.0, 45772.0, 45782.0, 45792.0, 45802.0, 45812.0, 45822.0, 45832.0, 45842.0, 45852.0, 45862.0, 45872.0, 45882.0, 45892.0, 45902.0, 45912.0, 45922.0, 45932.0, 45942.0, 45952.0, 45962.0, 45972.0, 45982.0, 45992.0, 46002.0, 46012.0, 46022.0, 46032.0, 46042.0, 46052.0, 46062.0, 46072.0, 46082.0, 46092.0, 46102.0, 46112.0, 46122.0, 46132.0, 46142.0, 46152.0, 46162.0, 46172.0, 46182.0, 46192.0, 46202.0, 46212.0, 46222.0, 46232.0, 46242.0, 46252.0, 46262.0, 46272.0, 46282.0, 46292.0, 46302.0, 46312.0, 46322.0, 46332.0, 46342.0, 46352.0, 46362.0, 46372.0, 46382.0, 46392.0, 46402.0, 46412.0, 46422.0, 46432.0, 46442.0, 46452.0, 46462.0, 46472.0, 46482.0, 46492.0, 46502.0, 46512.0, 46522.0, 46532.0, 46542.0, 46552.0, 46562.0, 46572.0, 46582.0, 46592.0, 46602.0, 46612.0, 46622.0, 46632.0, 46642.0, 46652.0, 46662.0, 46672.0, 46682.0, 46692.0, 46702.0, 46712.0, 46722.0, 46732.0, 46742.0, 46752.0, 46762.0, 46772.0, 46782.0, 46792.0, 46802.0, 46812.0, 46822.0, 46832.0, 46842.0, 46852.0, 46862.0, 46872.0, 46882.0, 46892.0, 46902.0, 46912.0, 46922.0, 46932.0, 46942.0, 46952.0, 46962.0, 46972.0, 46982.0, 46992.0, 47002.0, 47012.0, 47022.0, 47032.0, 47042.0, 47052.0, 47062.0, 47072.0, 47082.0, 47092.0, 47102.0, 47112.0, 47122.0, 47132.0, 47142.0, 47152.0, 47162.0, 47172.0, 47182.0, 47192.0, 47202.0, 47212.0, 47222.0, 47232.0, 47242.0, 47252.0, 47262.0, 47272.0, 47282.0, 47292.0, 47294]","NA","[0, 0.0, 0.0, 0.0, 0.0, 0.0, 0.0, 0.0, 0.0, 0.0, 0.0, 0.0, 0.0, 0.0, 0.0, 0.0, 0.0, 0.0, 0.0, 0.0, 0.0, 0.0, 0.0, 0.0, 0.0, 0.0, 0.0, 0.0, 0.0, 0.0, 0.0, 0.0, 0.0, 0.0, 0.0, 0.0, 0.0, 0.0, 0.0, 0.0, 0.0, 0.0, 0.0, 0.0, 0.0, 0.0, 0.0, 0.0, 0.0, 0.0, 0.0, 0.0, 0.0, 0.0, 0.0, 0.0, 0.0, 0.0, 0.0, 0.0, 0.0, 0.0, 0.0, 0.0, 0.0, 0.0, 0.0, 0.0, 0.0, 0.0, 0.0, 0.0, 0.0, 0.0, 0.0, 0.0, 0.0, 0.0, 0.0, 0.0, 0.0, 0.0, 0.0, 0.0, 0.0, 0.0, 0.0, 0.0, 0.0, 0.0, 0.0, 0.0, 0.0, 0.0, 0.0, 0.0, 0.0, 0.0, 0.0, 0.0, 0.0, 0.0, 0.0, 0.0, 0.0, 0.0, 0.0, 0.0, -1.0, -2.0, -5.0, -8.0, -16.0, -26.0, -39.0, -55.0, -75.0, -96.0, -115.0, -134.0, -152.0, -171.0, -188.0, -203.0, -216.0, -225.0, -230.0, -235.0, -240.0, -245.0, -251.0, -254.0, -256.0, -259.0, -260.0, -260.0, -260.0, -256.0, -250.0, -239.0, -221.0, -196.0, -163.0, -122.0, -73.0, -18.0, 40.0, 98.0, 149.0, 194.0, 234.0, 269.0, 300.0, 330.0, 356.0, 382.0, 406.0, 431.0, 455.0, 477.0, 503.0, 523.0, 538.0, 548.0, 555.0, 560.0, 562.0, 564.0, 566.0, 570.0, 574.0, 577.0, 581.0, 585.0, 588.0, 591.0, 594.0, 596.0, 599.0, 600.0, 601.0, 603.0, 604.0, 605.0, 605.0, 605.0, 605.0, 605.0, 605.0, 605.0]","[335, 335.0, 335.0, 335.0, 335.0, 335.0, 335.0, 335.0, 335.0, 335.0, 335.0, 335.0, 335.0, 335.0, 335.0, 335.0, 335.0, 335.0, 335.0, 335.0, 335.0, 335.0, 335.0, 335.0, 335.0, 335.0, 335.0, 335.0, 335.0, 335.0, 335.0, 335.0, 335.0, 335.0, 335.0, 335.0, 335.0, 335.0, 335.0, 335.0, 335.0, 335.0, 335.0, 335.0, 335.0, 335.0, 335.0, 335.0, 335.0, 335.0, 335.0, 335.0, 335.0, 335.0, 335.0, 335.0, 335.0, 335.0, 335.0, 335.0, 335.0, 335.0, 335.0, 335.0, 335.0, 335.0, 335.0, 335.0, 335.0, 335.0, 335.0, 335.0, 335.0, 335.0, 335.0, 335.0, 335.0, 335.0, 335.0, 335.0, 335.0, 335.0, 335.0, 335.0, 335.0, 335.0, 335.0, 335.0, 335.0, 335.0, 335.0, 335.0, 335.0, 335.0, 335.0, 335.0, 335.0, 335.0, 335.0, 335.0, 335.0, 335.0, 335.0, 335.0, 335.0, 335.0, 335.0, 335.0, 335.0, 333.0, 329.0, 322.0, 308.0, 289.0, 268.0, 244.0, 219.0, 196.0, 175.0, 154.0, 132.0, 108.0, 86.0, 67.0, 54.0, 43.0, 37.0, 29.0, 20.0, 12.0, 4.0, -4.0, -12.0, -21.0, -29.0, -36.0, -42.0, -47.0, -55.0, -62.0, -73.0, -85.0, -98.0, -114.0, -128.0, -138.0, -146.0, -150.0, -155.0, -159.0, -164.0, -169.0, -175.0, -182.0, -188.0, -194.0, -199.0, -203.0, -207.0, -210.0, -212.0, -215.0, -216.0, -218.0, -220.0, -221.0, -222.0, -222.0, -223.0, -225.0, -226.0, -227.0, -229.0, -230.0, -232.0, -233.0, -235.0, -236.0, -237.0, -237.0, -238.0, -238.0, -239.0, -239.0, -240.0, -240.0, -240.0, -240.0, -240.0, -240.0]"
"26","NA","4","3","Tue Dec 13 14:11:17 2022","Male","730","triangle_15_comp.png","3","square_15_comp.png","right","right","1092","square_16_comp.png","49784","47898","[48691.0, 48701.0, 48711.0, 48721.0, 48731.0, 48741.0, 48751.0, 48761.0, 48771.0, 48781.0, 48791.0, 48801.0, 48811.0, 48821.0, 48831.0, 48841.0, 48851.0, 48861.0, 48871.0, 48881.0, 48891.0, 48901.0, 48911.0, 48921.0, 48931.0, 48941.0, 48951.0, 48961.0, 48971.0, 48981.0, 48991.0, 49001.0, 49011.0, 49021.0, 49031.0, 49041.0, 49051.0, 49061.0, 49071.0, 49081.0, 49091.0, 49101.0, 49111.0, 49121.0, 49131.0, 49141.0, 49151.0, 49161.0, 49171.0, 49181.0, 49191.0, 49201.0, 49211.0, 49221.0, 49231.0, 49241.0, 49251.0, 49261.0, 49271.0, 49281.0, 49291.0, 49301.0, 49311.0, 49321.0, 49331.0, 49341.0, 49351.0, 49361.0, 49371.0, 49381.0, 49391.0, 49401.0, 49411.0, 49421.0, 49431.0, 49441.0, 49451.0, 49461.0, 49471.0, 49481.0, 49491.0, 49501.0, 49511.0, 49521.0, 49531.0, 49541.0, 49551.0, 49561.0, 49571.0, 49581.0, 49591.0, 49601.0, 49611.0, 49621.0, 49631.0, 49641.0, 49651.0, 49661.0, 49671.0, 49681.0, 49691.0, 49701.0, 49711.0, 49721.0, 49731.0, 49741.0, 49751.0, 49761.0, 49771.0, 49781.0, 49783]","NA","[0, 0.0, 0.0, 0.0, 0.0, 0.0, 0.0, 0.0, 0.0, 0.0, 0.0, 0.0, 0.0, 0.0, 0.0, 0.0, 0.0, 0.0, 0.0, 0.0, 0.0, 0.0, 0.0, 0.0, 0.0, 0.0, 0.0, 0.0, 0.0, 0.0, 0.0, 0.0, 0.0, 0.0, 0.0, 0.0, 0.0, 0.0, 0.0, 0.0, 0.0, 0.0, 0.0, 0.0, 0.0, 0.0, 0.0, 0.0, 0.0, 0.0, 0.0, 0.0, 0.0, 0.0, 0.0, 0.0, 0.0, 0.0, 0.0, 0.0, 0.0, 0.0, 0.0, 0.0, 0.0, 0.0, 0.0, 0.0, 0.0, 0.0, 0.0, 0.0, 0.0, 0.0, 1.0, 5.0, 11.0, 21.0, 37.0, 59.0, 86.0, 119.0, 157.0, 201.0, 249.0, 299.0, 351.0, 400.0, 448.0, 491.0, 525.0, 552.0, 574.0, 592.0, 608.0, 624.0, 638.0, 648.0, 654.0, 658.0, 662.0, 666.0, 670.0, 674.0, 676.0, 677.0, 678.0, 678.0, 678.0, 678.0, 678.0]","[335, 335.0, 335.0, 335.0, 335.0, 335.0, 335.0, 335.0, 335.0, 335.0, 335.0, 335.0, 335.0, 335.0, 335.0, 335.0, 335.0, 335.0, 335.0, 335.0, 335.0, 335.0, 335.0, 335.0, 335.0, 335.0, 335.0, 335.0, 335.0, 335.0, 335.0, 335.0, 335.0, 335.0, 335.0, 335.0, 335.0, 335.0, 335.0, 335.0, 335.0, 335.0, 335.0, 335.0, 335.0, 335.0, 335.0, 335.0, 335.0, 335.0, 335.0, 335.0, 335.0, 335.0, 335.0, 335.0, 335.0, 335.0, 335.0, 335.0, 335.0, 335.0, 335.0, 335.0, 335.0, 335.0, 335.0, 335.0, 335.0, 335.0, 335.0, 335.0, 335.0, 335.0, 335.0, 334.0, 330.0, 323.0, 311.0, 293.0, 268.0, 232.0, 191.0, 145.0, 93.0, 40.0, -13.0, -62.0, -109.0, -147.0, -177.0, -197.0, -213.0, -226.0, -238.0, -251.0, -262.0, -272.0, -280.0, -285.0, -289.0, -294.0, -298.0, -301.0, -303.0, -305.0, -306.0, -306.0, -306.0, -306.0, -306.0]"
"26","NA","5","4","Tue Dec 13 14:11:17 2022","Male","720","triangle_16_comp.png","3","triangle_15_comp.png","right","right","2229","square_15_comp.png","53321","50307","[51091.0, 51101.0, 51111.0, 51121.0, 51131.0, 51141.0, 51151.0, 51161.0, 51171.0, 51181.0, 51191.0, 51201.0, 51211.0, 51221.0, 51231.0, 51241.0, 51251.0, 51261.0, 51271.0, 51281.0, 51291.0, 51301.0, 51311.0, 51321.0, 51331.0, 51341.0, 51351.0, 51361.0, 51371.0, 51381.0, 51391.0, 51401.0, 51411.0, 51421.0, 51431.0, 51441.0, 51451.0, 51461.0, 51471.0, 51481.0, 51491.0, 51501.0, 51511.0, 51521.0, 51531.0, 51541.0, 51551.0, 51561.0, 51571.0, 51581.0, 51591.0, 51601.0, 51611.0, 51621.0, 51631.0, 51641.0, 51651.0, 51661.0, 51671.0, 51681.0, 51691.0, 51701.0, 51711.0, 51721.0, 51731.0, 51741.0, 51751.0, 51761.0, 51771.0, 51781.0, 51791.0, 51801.0, 51811.0, 51821.0, 51831.0, 51841.0, 51851.0, 51861.0, 51871.0, 51881.0, 51891.0, 51901.0, 51911.0, 51921.0, 51931.0, 51941.0, 51951.0, 51961.0, 51971.0, 51981.0, 51991.0, 52001.0, 52011.0, 52021.0, 52031.0, 52041.0, 52051.0, 52061.0, 52071.0, 52081.0, 52091.0, 52101.0, 52111.0, 52121.0, 52131.0, 52141.0, 52151.0, 52161.0, 52171.0, 52181.0, 52191.0, 52201.0, 52211.0, 52221.0, 52231.0, 52241.0, 52251.0, 52261.0, 52271.0, 52281.0, 52291.0, 52301.0, 52311.0, 52321.0, 52331.0, 52333, 52343.0, 52353.0, 52363.0, 52373.0, 52383.0, 52393.0, 52403.0, 52413.0, 52423.0, 52433.0, 52443.0, 52453.0, 52463.0, 52473.0, 52483.0, 52493.0, 52503.0, 52513.0, 52523.0, 52533.0, 52543.0, 52553.0, 52563.0, 52573.0, 52583.0, 52593.0, 52603.0, 52613.0, 52623.0, 52633.0, 52643.0, 52653.0, 52663.0, 52673.0, 52683.0, 52693.0, 52703.0, 52713.0, 52723.0, 52733.0, 52743.0, 52753.0, 52763.0, 52773.0, 52783.0, 52793.0, 52803.0, 52813.0, 52823.0, 52833.0, 52843.0, 52853.0, 52863.0, 52873.0, 52883.0, 52893.0, 52903.0, 52913.0, 52923.0, 52933.0, 52943.0, 52953.0, 52963.0, 52973.0, 52983.0, 52993.0, 53003.0, 53013.0, 53023.0, 53033.0, 53043.0, 53053.0, 53063.0, 53073.0, 53083.0, 53093.0, 53103.0, 53113.0, 53123.0, 53133.0, 53143.0, 53153.0, 53163.0, 53173.0, 53183.0, 53193.0, 53203.0, 53213.0, 53223.0, 53233.0, 53243.0, 53253.0, 53263.0, 53273.0, 53283.0, 53293.0, 53303.0, 53313.0, 53320]","NA","[0, 0.0, 0.0, 0.0, 0.0, 0.0, 0.0, 0.0, 0.0, 0.0, 0.0, 0.0, 0.0, 0.0, 0.0, 0.0, 0.0, 0.0, 0.0, 0.0, 0.0, 0.0, 0.0, 0.0, 0.0, 0.0, 0.0, 0.0, 0.0, 0.0, 0.0, 0.0, 0.0, 0.0, 0.0, 0.0, 0.0, 0.0, 0.0, 0.0, 0.0, 0.0, 0.0, 0.0, 0.0, 0.0, 0.0, 0.0, 0.0, 0.0, 0.0, 0.0, 0.0, 0.0, 0.0, 0.0, 0.0, 0.0, 0.0, 0.0, 0.0, 0.0, 0.0, 0.0, 0.0, 0.0, 0.0, 0.0, 0.0, 0.0, 0.0, 0.0, 0.0, -1.0, -3.0, -4.0, -4.0, -4.0, -4.0, -4.0, -1.0, 4.0, 15.0, 29.0, 46.0, 62.0, 81.0, 99.0, 119.0, 137.0, 155.0, 174.0, 192.0, 209.0, 227.0, 244.0, 260.0, 277.0, 291.0, 307.0, 323.0, 339.0, 354.0, 367.0, 379.0, 391.0, 404.0, 417.0, 433.0, 449.0, 464.0, 479.0, 493.0, 504.0, 513.0, 520.0, 526.0, 530.0, 532.0, 535.0, 538.0, 539.0, 540.0, 541.0, 542.0, 542.0, 542.0, 542.0, 542.0, 542.0, 542.0, 542.0, 542.0, 542.0, 542.0, 542.0, 542.0, 542.0, 542.0, 542.0, 542.0, 542.0, 542.0, 542.0, 542.0, 542.0, 542.0, 542.0, 542.0, 542.0, 542.0, 543.0, 543.0, 543.0, 543.0, 543.0, 543.0, 543.0, 543.0, 543.0, 543.0, 543.0, 543.0, 543.0, 543.0, 543.0, 543.0, 543.0, 543.0, 543.0, 543.0, 543.0, 543.0, 543.0, 543.0, 543.0, 543.0, 543.0, 543.0, 543.0, 543.0, 543.0, 543.0, 543.0, 543.0, 543.0, 543.0, 543.0, 543.0, 543.0, 543.0, 543.0, 543.0, 543.0, 543.0, 543.0, 543.0, 543.0, 543.0, 543.0, 543.0, 543.0, 544.0, 545.0, 545.0, 547.0, 548.0, 550.0, 552.0, 554.0, 556.0, 557.0, 559.0, 560.0, 561.0, 562.0, 564.0, 565.0, 567.0, 568.0, 568.0, 568.0, 568.0, 568.0, 568.0]","[335, 335.0, 335.0, 335.0, 335.0, 335.0, 335.0, 335.0, 335.0, 335.0, 335.0, 335.0, 335.0, 335.0, 335.0, 335.0, 335.0, 335.0, 335.0, 335.0, 335.0, 335.0, 335.0, 335.0, 335.0, 335.0, 335.0, 335.0, 335.0, 335.0, 335.0, 335.0, 335.0, 335.0, 335.0, 335.0, 335.0, 335.0, 335.0, 335.0, 335.0, 335.0, 335.0, 335.0, 335.0, 335.0, 335.0, 335.0, 335.0, 335.0, 335.0, 335.0, 335.0, 335.0, 335.0, 335.0, 335.0, 335.0, 335.0, 335.0, 335.0, 335.0, 335.0, 335.0, 335.0, 335.0, 335.0, 335.0, 335.0, 335.0, 335.0, 335.0, 335.0, 335.0, 335.0, 335.0, 335.0, 335.0, 334.0, 330.0, 325.0, 316.0, 303.0, 285.0, 265.0, 242.0, 219.0, 194.0, 170.0, 151.0, 134.0, 118.0, 101.0, 85.0, 69.0, 56.0, 42.0, 30.0, 20.0, 11.0, 2.0, -6.0, -15.0, -23.0, -29.0, -34.0, -39.0, -45.0, -52.0, -59.0, -68.0, -77.0, -86.0, -93.0, -98.0, -103.0, -106.0, -109.0, -111.0, -114.0, -116.0, -118.0, -120.0, -121.0, -122.0, -122.0, -123.0, -123.0, -123.0, -123.0, -123.0, -123.0, -123.0, -123.0, -123.0, -123.0, -123.0, -123.0, -123.0, -123.0, -123.0, -123.0, -123.0, -123.0, -123.0, -123.0, -123.0, -123.0, -123.0, -123.0, -123.0, -124.0, -124.0, -124.0, -124.0, -124.0, -124.0, -124.0, -124.0, -124.0, -124.0, -124.0, -124.0, -124.0, -124.0, -124.0, -124.0, -124.0, -124.0, -124.0, -124.0, -124.0, -124.0, -124.0, -124.0, -124.0, -124.0, -124.0, -124.0, -124.0, -124.0, -124.0, -124.0, -124.0, -124.0, -124.0, -124.0, -124.0, -124.0, -124.0, -124.0, -124.0, -124.0, -124.0, -124.0, -124.0, -124.0, -124.0, -124.0, -124.0, -124.0, -124.0, -125.0, -126.0, -128.0, -129.0, -131.0, -133.0, -136.0, -139.0, -142.0, -144.0, -146.0, -148.0, -150.0, -151.0, -153.0, -154.0, -156.0, -157.0, -157.0, -157.0, -157.0, -157.0, -157.0]"
"26","NA","6","5","Tue Dec 13 14:11:17 2022","Male","300","triangle_10_comp.png","2","triangle_9_comp.png","left","left","1272","square_9_comp.png","55964","53911","[54692.0, 54702.0, 54712.0, 54722.0, 54732.0, 54742.0, 54752.0, 54762.0, 54772.0, 54782.0, 54792.0, 54802.0, 54812.0, 54822.0, 54832.0, 54842.0, 54852.0, 54862.0, 54872.0, 54882.0, 54892.0, 54902.0, 54912.0, 54922.0, 54932.0, 54942.0, 54952.0, 54962.0, 54972.0, 54982.0, 54992.0, 55002.0, 55012.0, 55022.0, 55032.0, 55042.0, 55052.0, 55062.0, 55072.0, 55082.0, 55092.0, 55102.0, 55112.0, 55122.0, 55132.0, 55142.0, 55152.0, 55162.0, 55172.0, 55182.0, 55192.0, 55202.0, 55212.0, 55222.0, 55232.0, 55242.0, 55252.0, 55262.0, 55272.0, 55282.0, 55292.0, 55302.0, 55312.0, 55322.0, 55332.0, 55342.0, 55352.0, 55362.0, 55372.0, 55382.0, 55392.0, 55402.0, 55412.0, 55422.0, 55432.0, 55442.0, 55452.0, 55462.0, 55472.0, 55482.0, 55492.0, 55502.0, 55512.0, 55522.0, 55532.0, 55542.0, 55552.0, 55562.0, 55572.0, 55582.0, 55592.0, 55602.0, 55612.0, 55622.0, 55632.0, 55642.0, 55652.0, 55662.0, 55672.0, 55682.0, 55692.0, 55702.0, 55712.0, 55722.0, 55732.0, 55742.0, 55752.0, 55762.0, 55772.0, 55782.0, 55793.0, 55803.0, 55813.0, 55823.0, 55833.0, 55843.0, 55853.0, 55863.0, 55873.0, 55883.0, 55893.0, 55903.0, 55913.0, 55923.0, 55933.0, 55943.0, 55953.0, 55963.0, 55964]","NA","[0, 0.0, 0.0, 0.0, 0.0, 0.0, 0.0, 0.0, 0.0, 0.0, 0.0, 0.0, 0.0, 0.0, 0.0, 0.0, 0.0, 0.0, 0.0, 0.0, 0.0, 0.0, 0.0, 0.0, 0.0, 0.0, 0.0, 0.0, 0.0, 0.0, 0.0, -1.0, -3.0, -7.0, -12.0, -16.0, -19.0, -19.0, -19.0, -19.0, -19.0, -19.0, -19.0, -19.0, -19.0, -19.0, -19.0, -19.0, -19.0, -19.0, -19.0, -19.0, -19.0, -19.0, -19.0, -19.0, -19.0, -19.0, -19.0, -19.0, -19.0, -19.0, -19.0, -19.0, -19.0, -19.0, -19.0, -19.0, -19.0, -19.0, -19.0, -19.0, -19.0, -19.0, -19.0, -19.0, -22.0, -30.0, -42.0, -56.0, -73.0, -88.0, -104.0, -121.0, -140.0, -160.0, -180.0, -196.0, -210.0, -220.0, -227.0, -236.0, -243.0, -249.0, -254.0, -260.0, -264.0, -269.0, -273.0, -275.0, -279.0, -283.0, -289.0, -296.0, -306.0, -317.0, -334.0, -356.0, -383.0, -413.0, -442.0, -476.0, -505.0, -530.0, -554.0, -576.0, -597.0, -617.0, -633.0, -647.0, -660.0, -669.0, -674.0, -677.0, -677.0, -677.0, -677.0, -677.0, -677.0]","[335, 335.0, 335.0, 335.0, 335.0, 335.0, 335.0, 335.0, 335.0, 335.0, 335.0, 335.0, 335.0, 335.0, 335.0, 335.0, 335.0, 335.0, 335.0, 335.0, 335.0, 335.0, 335.0, 335.0, 335.0, 335.0, 335.0, 335.0, 335.0, 335.0, 335.0, 335.0, 335.0, 333.0, 333.0, 332.0, 332.0, 332.0, 332.0, 332.0, 332.0, 332.0, 332.0, 332.0, 332.0, 332.0, 332.0, 332.0, 332.0, 332.0, 332.0, 332.0, 332.0, 332.0, 332.0, 332.0, 332.0, 332.0, 332.0, 332.0, 332.0, 332.0, 332.0, 332.0, 332.0, 332.0, 332.0, 332.0, 332.0, 332.0, 332.0, 332.0, 331.0, 331.0, 331.0, 330.0, 328.0, 320.0, 306.0, 285.0, 259.0, 234.0, 210.0, 186.0, 162.0, 137.0, 116.0, 95.0, 77.0, 60.0, 44.0, 29.0, 15.0, 1.0, -11.0, -22.0, -31.0, -38.0, -44.0, -49.0, -54.0, -58.0, -63.0, -68.0, -72.0, -78.0, -86.0, -96.0, -109.0, -123.0, -138.0, -156.0, -171.0, -183.0, -194.0, -203.0, -212.0, -221.0, -231.0, -239.0, -247.0, -253.0, -257.0, -260.0, -260.0, -260.0, -260.0, -260.0, -260.0]"
"26","NA","7","6","Tue Dec 13 14:11:17 2022","Male","810","triangle_16_comp.png","3","square_16_comp.png","left","left","1512","square_15_comp.png","58805","56502","[57292.0, 57302.0, 57312.0, 57322.0, 57332.0, 57342.0, 57352.0, 57362.0, 57372.0, 57382.0, 57392.0, 57402.0, 57412.0, 57422.0, 57432.0, 57442.0, 57452.0, 57462.0, 57472.0, 57482.0, 57492.0, 57502.0, 57512.0, 57522.0, 57532.0, 57542.0, 57552.0, 57562.0, 57572.0, 57582.0, 57592.0, 57602.0, 57612.0, 57622.0, 57632.0, 57642.0, 57652.0, 57662.0, 57672.0, 57682.0, 57692.0, 57702.0, 57712.0, 57722.0, 57732.0, 57742.0, 57752.0, 57762.0, 57772.0, 57782.0, 57792.0, 57802.0, 57812.0, 57822.0, 57832.0, 57842.0, 57852.0, 57862.0, 57872.0, 57882.0, 57892.0, 57902.0, 57912.0, 57922.0, 57932.0, 57942.0, 57952.0, 57962.0, 57972.0, 57982.0, 57992.0, 58002.0, 58012.0, 58022.0, 58032.0, 58042.0, 58052.0, 58062.0, 58072.0, 58082.0, 58092.0, 58102.0, 58112.0, 58122.0, 58132.0, 58142.0, 58152.0, 58162.0, 58172.0, 58182.0, 58192.0, 58202.0, 58212.0, 58222.0, 58232.0, 58242.0, 58252.0, 58262.0, 58272.0, 58282.0, 58292.0, 58305.0, 58315.0, 58325.0, 58335.0, 58345.0, 58355.0, 58365.0, 58375.0, 58385.0, 58395.0, 58405.0, 58415.0, 58425.0, 58435.0, 58445.0, 58455.0, 58465.0, 58475.0, 58485.0, 58495.0, 58505.0, 58515.0, 58525.0, 58535.0, 58545.0, 58555.0, 58565.0, 58575.0, 58585.0, 58595.0, 58605.0, 58615.0, 58625.0, 58635.0, 58645.0, 58655.0, 58665.0, 58675.0, 58685.0, 58695.0, 58705.0, 58715.0, 58725.0, 58735.0, 58745.0, 58755.0, 58765.0, 58775.0, 58785.0, 58795.0, 58804]","NA","[0, 0.0, 0.0, 0.0, 0.0, 0.0, 0.0, 0.0, 0.0, 0.0, 0.0, 0.0, 0.0, 0.0, 0.0, 0.0, 0.0, 0.0, 0.0, 0.0, 0.0, 0.0, 0.0, 0.0, 0.0, 0.0, 0.0, 0.0, 0.0, 0.0, 0.0, 0.0, 0.0, 0.0, 0.0, 0.0, 0.0, 0.0, 0.0, 0.0, 0.0, 0.0, 0.0, 0.0, 0.0, 0.0, 0.0, 0.0, 0.0, 0.0, 0.0, 0.0, 0.0, 0.0, 0.0, 0.0, 0.0, 0.0, 0.0, 0.0, 0.0, 0.0, 0.0, 0.0, 0.0, 0.0, 0.0, 0.0, 0.0, 0.0, 0.0, 0.0, 0.0, 0.0, 0.0, 0.0, 0.0, 0.0, 0.0, 0.0, 0.0, 0.0, 0.0, -2.0, -4.0, -7.0, -11.0, -13.0, -16.0, -18.0, -21.0, -25.0, -29.0, -33.0, -38.0, -44.0, -50.0, -59.0, -68.0, -79.0, -90.0, -104.0, -112.0, -121.0, -130.0, -139.0, -148.0, -158.0, -168.0, -178.0, -186.0, -193.0, -200.0, -206.0, -211.0, -216.0, -221.0, -226.0, -231.0, -237.0, -243.0, -251.0, -256.0, -269.0, -281.0, -293.0, -306.0, -317.0, -327.0, -333.0, -340.0, -346.0, -354.0, -365.0, -378.0, -392.0, -406.0, -420.0, -432.0, -444.0, -458.0, -473.0, -488.0, -500.0, -508.0, -513.0, -514.0, -515.0, -515.0, -515.0, -515.0, -515.0]","[335, 335.0, 335.0, 335.0, 335.0, 335.0, 335.0, 335.0, 335.0, 335.0, 335.0, 335.0, 335.0, 335.0, 335.0, 335.0, 335.0, 335.0, 335.0, 335.0, 335.0, 335.0, 335.0, 335.0, 335.0, 335.0, 335.0, 335.0, 335.0, 335.0, 335.0, 335.0, 335.0, 335.0, 335.0, 335.0, 335.0, 335.0, 335.0, 335.0, 335.0, 335.0, 335.0, 335.0, 335.0, 335.0, 335.0, 335.0, 335.0, 335.0, 335.0, 335.0, 335.0, 335.0, 335.0, 335.0, 335.0, 335.0, 335.0, 335.0, 335.0, 335.0, 335.0, 335.0, 335.0, 335.0, 335.0, 335.0, 335.0, 335.0, 335.0, 335.0, 335.0, 335.0, 335.0, 335.0, 335.0, 335.0, 335.0, 335.0, 335.0, 335.0, 334.0, 333.0, 330.0, 325.0, 316.0, 302.0, 283.0, 264.0, 243.0, 224.0, 206.0, 190.0, 173.0, 156.0, 137.0, 119.0, 101.0, 82.0, 66.0, 47.0, 37.0, 24.0, 11.0, -2.0, -18.0, -36.0, -53.0, -68.0, -79.0, -90.0, -99.0, -107.0, -113.0, -118.0, -123.0, -129.0, -135.0, -140.0, -147.0, -154.0, -158.0, -166.0, -175.0, -182.0, -189.0, -197.0, -204.0, -208.0, -212.0, -217.0, -221.0, -226.0, -232.0, -236.0, -240.0, -244.0, -248.0, -252.0, -255.0, -258.0, -262.0, -264.0, -267.0, -268.0, -268.0, -269.0, -269.0, -269.0, -269.0, -269.0]"
"26","NA","8","7","Tue Dec 13 14:11:17 2022","Male","810","triangle_3_comp.png","1","triangle_4_comp.png","left","left","1204","square_4_comp.png","61331","59344","[60126.0, 60136.0, 60146.0, 60156.0, 60166.0, 60176.0, 60186.0, 60196.0, 60206.0, 60216.0, 60226.0, 60236.0, 60246.0, 60256.0, 60266.0, 60276.0, 60286.0, 60296.0, 60306.0, 60316.0, 60326.0, 60336.0, 60346.0, 60356.0, 60366.0, 60376.0, 60386.0, 60396.0, 60406.0, 60416.0, 60426.0, 60436.0, 60446.0, 60456.0, 60466.0, 60476.0, 60486.0, 60496.0, 60506.0, 60516.0, 60526.0, 60536.0, 60546.0, 60556.0, 60566.0, 60576.0, 60586.0, 60596.0, 60606.0, 60616.0, 60626.0, 60636.0, 60646.0, 60656.0, 60666.0, 60676.0, 60686.0, 60696.0, 60706.0, 60716.0, 60726.0, 60736.0, 60746.0, 60756.0, 60766.0, 60776.0, 60786.0, 60796.0, 60806.0, 60816.0, 60826.0, 60836.0, 60846.0, 60856.0, 60866.0, 60876.0, 60886.0, 60896.0, 60906.0, 60916.0, 60926.0, 60936.0, 60946.0, 60956.0, 60966.0, 60976.0, 60986.0, 60996.0, 61006.0, 61016.0, 61026.0, 61036.0, 61046.0, 61056.0, 61066.0, 61076.0, 61086.0, 61096.0, 61106.0, 61116.0, 61126.0, 61136.0, 61146.0, 61156.0, 61166.0, 61176.0, 61186.0, 61196.0, 61206.0, 61216.0, 61226.0, 61236.0, 61246.0, 61256.0, 61266.0, 61276.0, 61286.0, 61296.0, 61306.0, 61316.0, 61326.0, 61330]","NA","[0, 0.0, 0.0, 0.0, 0.0, 0.0, 0.0, 0.0, 0.0, 0.0, 0.0, 0.0, 0.0, 0.0, 0.0, 0.0, 0.0, 0.0, 0.0, 0.0, 0.0, 0.0, 0.0, 0.0, 0.0, 0.0, 0.0, 0.0, 0.0, 0.0, 0.0, 0.0, 0.0, 0.0, 0.0, 0.0, 0.0, 0.0, 0.0, 0.0, 0.0, 0.0, 0.0, 0.0, 0.0, 0.0, 0.0, 0.0, 0.0, 0.0, 0.0, 0.0, 0.0, 0.0, 0.0, 0.0, 0.0, 0.0, 0.0, 0.0, 0.0, 0.0, 0.0, 0.0, 0.0, 0.0, 0.0, 0.0, 0.0, 0.0, 0.0, 0.0, 0.0, 0.0, 0.0, 0.0, 0.0, 0.0, 0.0, 0.0, 0.0, 0.0, -14.0, -51.0, -93.0, -139.0, -188.0, -237.0, -282.0, -312.0, -333.0, -351.0, -368.0, -385.0, -403.0, -418.0, -434.0, -449.0, -461.0, -468.0, -475.0, -483.0, -491.0, -499.0, -502.0, -504.0, -504.0, -504.0, -505.0, -506.0, -509.0, -513.0, -519.0, -523.0, -527.0, -531.0, -532.0, -532.0, -533.0, -533.0, -533.0, -533.0]","[335, 335.0, 335.0, 335.0, 335.0, 335.0, 335.0, 335.0, 335.0, 335.0, 335.0, 335.0, 335.0, 335.0, 335.0, 335.0, 335.0, 335.0, 335.0, 335.0, 335.0, 335.0, 335.0, 335.0, 335.0, 335.0, 335.0, 335.0, 335.0, 335.0, 335.0, 335.0, 335.0, 335.0, 335.0, 335.0, 335.0, 335.0, 335.0, 335.0, 335.0, 335.0, 335.0, 335.0, 335.0, 335.0, 335.0, 335.0, 335.0, 335.0, 335.0, 335.0, 335.0, 335.0, 335.0, 335.0, 335.0, 335.0, 335.0, 335.0, 335.0, 335.0, 335.0, 335.0, 335.0, 335.0, 335.0, 335.0, 335.0, 335.0, 335.0, 335.0, 335.0, 335.0, 335.0, 335.0, 335.0, 335.0, 335.0, 335.0, 335.0, 335.0, 324.0, 299.0, 266.0, 223.0, 165.0, 109.0, 64.0, 36.0, 21.0, 6.0, -8.0, -23.0, -37.0, -48.0, -59.0, -69.0, -77.0, -82.0, -88.0, -96.0, -106.0, -113.0, -117.0, -119.0, -119.0, -121.0, -122.0, -125.0, -130.0, -135.0, -141.0, -147.0, -153.0, -159.0, -164.0, -166.0, -166.0, -166.0, -166.0, -166.0]"
"26","NA","9","8","Tue Dec 13 14:11:17 2022","Male","890","triangle_9_comp.png","2","square_9_comp.png","right","right","1722","square_10_comp.png","64397","61880","[62675.0, 62685.0, 62695.0, 62705.0, 62715.0, 62725.0, 62735.0, 62745.0, 62755.0, 62765.0, 62775.0, 62785.0, 62795.0, 62805.0, 62815.0, 62825.0, 62835.0, 62845.0, 62855.0, 62865.0, 62875.0, 62885.0, 62895.0, 62905.0, 62915.0, 62925.0, 62935.0, 62945.0, 62955.0, 62965.0, 62975.0, 62985.0, 62995.0, 63005.0, 63015.0, 63025.0, 63035.0, 63045.0, 63055.0, 63065.0, 63075.0, 63085.0, 63095.0, 63105.0, 63115.0, 63125.0, 63135.0, 63145.0, 63155.0, 63165.0, 63175.0, 63185.0, 63195.0, 63205.0, 63215.0, 63225.0, 63235.0, 63245.0, 63255.0, 63265.0, 63275.0, 63285.0, 63295.0, 63305.0, 63315.0, 63325.0, 63335.0, 63345.0, 63355.0, 63365.0, 63375.0, 63385.0, 63395.0, 63405.0, 63415.0, 63425.0, 63435.0, 63445.0, 63455.0, 63465.0, 63475.0, 63485.0, 63495.0, 63505.0, 63515.0, 63525.0, 63535.0, 63545.0, 63555.0, 63565.0, 63575.0, 63585.0, 63595.0, 63605.0, 63615.0, 63625.0, 63635.0, 63645.0, 63655.0, 63665.0, 63675.0, 63685.0, 63695.0, 63705.0, 63715.0, 63725.0, 63735.0, 63745.0, 63755.0, 63765.0, 63775.0, 63785.0, 63795.0, 63805.0, 63815.0, 63825.0, 63835.0, 63845.0, 63855.0, 63865.0, 63875.0, 63885.0, 63895.0, 63905.0, 63915.0, 63925.0, 63935.0, 63942, 63952.0, 63962.0, 63972.0, 63982.0, 63992.0, 64002.0, 64012.0, 64022.0, 64032.0, 64042.0, 64052.0, 64062.0, 64072.0, 64082.0, 64092.0, 64102.0, 64112.0, 64122.0, 64132.0, 64142.0, 64152.0, 64162.0, 64172.0, 64182.0, 64192.0, 64202.0, 64212.0, 64222.0, 64232.0, 64242.0, 64252.0, 64262.0, 64272.0, 64282.0, 64292.0, 64302.0, 64312.0, 64322.0, 64332.0, 64342.0, 64352.0, 64362.0, 64372.0, 64382.0, 64392.0, 64397]","NA","[0, 0.0, 0.0, 0.0, 0.0, 0.0, 0.0, 0.0, 0.0, 0.0, 0.0, 0.0, 0.0, 0.0, 0.0, 0.0, 0.0, 0.0, 0.0, 0.0, 0.0, 0.0, 0.0, 0.0, 0.0, 0.0, 0.0, 0.0, 0.0, 0.0, 0.0, 0.0, 0.0, 0.0, 0.0, 0.0, 0.0, 0.0, 0.0, 0.0, 0.0, 0.0, 0.0, 0.0, 0.0, 0.0, 0.0, 0.0, 0.0, 0.0, 0.0, 0.0, 0.0, 0.0, 0.0, 0.0, 0.0, 0.0, 0.0, 0.0, 0.0, 0.0, 0.0, 0.0, 0.0, 0.0, 0.0, 0.0, 0.0, 0.0, 0.0, 0.0, 0.0, 0.0, 0.0, 0.0, 0.0, 0.0, 0.0, 0.0, 0.0, 0.0, 0.0, 0.0, 0.0, 0.0, 0.0, 0.0, 0.0, 0.0, 2.0, 13.0, 33.0, 63.0, 101.0, 145.0, 194.0, 243.0, 293.0, 340.0, 385.0, 422.0, 452.0, 479.0, 505.0, 530.0, 554.0, 574.0, 590.0, 603.0, 618.0, 633.0, 648.0, 663.0, 675.0, 688.0, 700.0, 713.0, 725.0, 736.0, 744.0, 749.0, 753.0, 754.0, 754.0, 754.0, 754.0, 754.0, 754.0, 754.0, 754.0, 754.0, 754.0, 754.0, 754.0, 755.0, 755.0, 755.0, 755.0, 755.0, 755.0, 755.0, 755.0, 755.0, 755.0, 755.0, 755.0, 755.0, 755.0, 755.0, 755.0, 755.0, 755.0, 755.0, 755.0, 755.0, 754.0, 748.0, 740.0, 730.0, 720.0, 711.0, 701.0, 689.0, 675.0, 663.0, 655.0, 651.0, 651.0, 651.0, 651.0, 651.0, 651.0, 651.0]","[335, 335.0, 335.0, 335.0, 335.0, 335.0, 335.0, 335.0, 335.0, 335.0, 335.0, 335.0, 335.0, 335.0, 335.0, 335.0, 335.0, 335.0, 335.0, 335.0, 335.0, 335.0, 335.0, 335.0, 335.0, 335.0, 335.0, 335.0, 335.0, 335.0, 335.0, 335.0, 335.0, 335.0, 335.0, 335.0, 335.0, 335.0, 335.0, 335.0, 335.0, 335.0, 335.0, 335.0, 335.0, 335.0, 335.0, 335.0, 335.0, 335.0, 335.0, 335.0, 335.0, 335.0, 335.0, 335.0, 335.0, 335.0, 335.0, 335.0, 335.0, 335.0, 335.0, 335.0, 335.0, 335.0, 335.0, 335.0, 335.0, 335.0, 335.0, 335.0, 335.0, 335.0, 335.0, 335.0, 335.0, 335.0, 335.0, 335.0, 335.0, 335.0, 335.0, 335.0, 335.0, 335.0, 335.0, 335.0, 335.0, 335.0, 324.0, 306.0, 277.0, 237.0, 192.0, 146.0, 98.0, 56.0, 21.0, -6.0, -29.0, -48.0, -63.0, -80.0, -97.0, -114.0, -130.0, -144.0, -156.0, -166.0, -177.0, -188.0, -200.0, -211.0, -223.0, -235.0, -248.0, -262.0, -276.0, -290.0, -300.0, -307.0, -311.0, -313.0, -314.0, -314.0, -314.0, -314.0, -314.0, -314.0, -314.0, -314.0, -314.0, -314.0, -314.0, -314.0, -314.0, -314.0, -314.0, -314.0, -314.0, -314.0, -314.0, -314.0, -314.0, -314.0, -314.0, -314.0, -314.0, -314.0, -314.0, -314.0, -314.0, -314.0, -314.0, -314.0, -310.0, -302.0, -294.0, -283.0, -274.0, -264.0, -255.0, -247.0, -240.0, -233.0, -229.0, -227.0, -227.0, -227.0, -227.0, -226.0, -226.0, -226.0]"
"26","NA","10","9","Tue Dec 13 14:11:17 2022","Male","770","triangle_9_comp.png","2","triangle_10_comp.png","left","left","1274","square_10_comp.png","67051","64984","[65776.0, 65786.0, 65796.0, 65806.0, 65816.0, 65826.0, 65836.0, 65846.0, 65856.0, 65866.0, 65876.0, 65886.0, 65896.0, 65906.0, 65916.0, 65926.0, 65936.0, 65946.0, 65956.0, 65966.0, 65976.0, 65986.0, 65996.0, 66006.0, 66016.0, 66026.0, 66036.0, 66046.0, 66056.0, 66066.0, 66076.0, 66086.0, 66096.0, 66106.0, 66116.0, 66126.0, 66136.0, 66146.0, 66156.0, 66166.0, 66176.0, 66186.0, 66196.0, 66206.0, 66216.0, 66226.0, 66236.0, 66246.0, 66256.0, 66266.0, 66276.0, 66286.0, 66296.0, 66306.0, 66316.0, 66326.0, 66336.0, 66346.0, 66356.0, 66366.0, 66376.0, 66386.0, 66396.0, 66406.0, 66416.0, 66426.0, 66436.0, 66446.0, 66456.0, 66466.0, 66476.0, 66486.0, 66496.0, 66506.0, 66516.0, 66526.0, 66536.0, 66546.0, 66556.0, 66566.0, 66576.0, 66586.0, 66596.0, 66606.0, 66616.0, 66626.0, 66636.0, 66646.0, 66656.0, 66666.0, 66676.0, 66686.0, 66696.0, 66706.0, 66716.0, 66726.0, 66736.0, 66746.0, 66756.0, 66766.0, 66776.0, 66786.0, 66796.0, 66806.0, 66816.0, 66826.0, 66836.0, 66846.0, 66856.0, 66866.0, 66876.0, 66886.0, 66896.0, 66906.0, 66916.0, 66926.0, 66936.0, 66946.0, 66956.0, 66966.0, 66976.0, 66986.0, 66996.0, 67006.0, 67016.0, 67026.0, 67036.0, 67046.0, 67050]","NA","[0, 0.0, 0.0, 0.0, 0.0, 0.0, 0.0, 0.0, 0.0, 0.0, 0.0, 0.0, 0.0, 0.0, 0.0, 0.0, 0.0, 0.0, 0.0, 0.0, 0.0, 0.0, 0.0, 0.0, 0.0, 0.0, 0.0, 0.0, 0.0, 0.0, 0.0, 0.0, 0.0, 0.0, 0.0, 0.0, 0.0, 0.0, 0.0, 0.0, 0.0, 0.0, 0.0, 0.0, 0.0, 0.0, 0.0, 0.0, 0.0, 0.0, 0.0, 0.0, 0.0, 0.0, 0.0, 0.0, 0.0, 0.0, 0.0, 0.0, 0.0, 0.0, 0.0, 0.0, 0.0, 0.0, 0.0, 0.0, 0.0, 0.0, 0.0, 0.0, 0.0, 0.0, 0.0, 0.0, 0.0, 0.0, 0.0, 10.0, 28.0, 52.0, 80.0, 110.0, 144.0, 178.0, 210.0, 234.0, 252.0, 264.0, 272.0, 277.0, 279.0, 279.0, 278.0, 272.0, 260.0, 240.0, 211.0, 170.0, 117.0, 53.0, -17.0, -87.0, -161.0, -230.0, -288.0, -329.0, -353.0, -368.0, -379.0, -389.0, -401.0, -412.0, -424.0, -438.0, -452.0, -465.0, -476.0, -484.0, -487.0, -489.0, -491.0, -493.0, -494.0, -494.0, -494.0, -494.0, -494.0]","[335, 335.0, 335.0, 335.0, 335.0, 335.0, 335.0, 335.0, 335.0, 335.0, 335.0, 335.0, 335.0, 335.0, 335.0, 335.0, 335.0, 335.0, 335.0, 335.0, 335.0, 335.0, 335.0, 335.0, 335.0, 335.0, 335.0, 335.0, 335.0, 335.0, 335.0, 335.0, 335.0, 335.0, 335.0, 335.0, 335.0, 335.0, 335.0, 335.0, 335.0, 335.0, 335.0, 335.0, 335.0, 335.0, 335.0, 335.0, 335.0, 335.0, 335.0, 335.0, 335.0, 335.0, 335.0, 335.0, 335.0, 335.0, 335.0, 335.0, 335.0, 335.0, 335.0, 335.0, 335.0, 335.0, 335.0, 335.0, 335.0, 335.0, 335.0, 335.0, 335.0, 335.0, 335.0, 335.0, 335.0, 335.0, 333.0, 297.0, 251.0, 202.0, 148.0, 94.0, 42.0, 1.0, -26.0, -44.0, -55.0, -64.0, -71.0, -76.0, -79.0, -80.0, -80.0, -81.0, -83.0, -86.0, -91.0, -98.0, -108.0, -120.0, -133.0, -143.0, -152.0, -160.0, -167.0, -172.0, -175.0, -178.0, -179.0, -181.0, -181.0, -181.0, -181.0, -182.0, -183.0, -184.0, -186.0, -188.0, -189.0, -190.0, -191.0, -192.0, -192.0, -192.0, -192.0, -192.0, -192.0]"
"26","NA","11","10","Tue Dec 13 14:11:17 2022","Male","640","triangle_4_comp.png","1","triangle_3_comp.png","left","left","1093","square_3_comp.png","69470","67597","[68376.0, 68386.0, 68396.0, 68406.0, 68416.0, 68426.0, 68436.0, 68446.0, 68456.0, 68466.0, 68476.0, 68486.0, 68496.0, 68506.0, 68516.0, 68526.0, 68536.0, 68546.0, 68556.0, 68566.0, 68576.0, 68586.0, 68596.0, 68606.0, 68616.0, 68626.0, 68636.0, 68646.0, 68656.0, 68666.0, 68676.0, 68686.0, 68696.0, 68706.0, 68716.0, 68726.0, 68736.0, 68746.0, 68756.0, 68766.0, 68776.0, 68786.0, 68796.0, 68806.0, 68816.0, 68826.0, 68836.0, 68846.0, 68856.0, 68866.0, 68876.0, 68886.0, 68896.0, 68906.0, 68916.0, 68926.0, 68936.0, 68946.0, 68956.0, 68966.0, 68976.0, 68986.0, 68996.0, 69006.0, 69016.0, 69026.0, 69036.0, 69046.0, 69056.0, 69066.0, 69076.0, 69086.0, 69096.0, 69106.0, 69116.0, 69126.0, 69136.0, 69146.0, 69156.0, 69166.0, 69176.0, 69186.0, 69196.0, 69206.0, 69216.0, 69226.0, 69236.0, 69246.0, 69256.0, 69266.0, 69276.0, 69286.0, 69296.0, 69306.0, 69316.0, 69326.0, 69336.0, 69346.0, 69356.0, 69366.0, 69376.0, 69386.0, 69396.0, 69406.0, 69416.0, 69426.0, 69436.0, 69446.0, 69456.0, 69466.0, 69469]","NA","[0, 0.0, 0.0, 0.0, 0.0, 0.0, 0.0, 0.0, 0.0, 0.0, 0.0, 0.0, 0.0, 0.0, 0.0, 0.0, 0.0, 0.0, 0.0, 0.0, 0.0, 0.0, 0.0, 0.0, 0.0, 0.0, 0.0, 0.0, 0.0, 0.0, 0.0, 0.0, 0.0, 0.0, 0.0, 0.0, 0.0, 0.0, 0.0, 0.0, 0.0, 0.0, 0.0, 0.0, 0.0, 0.0, 0.0, 0.0, 0.0, 0.0, 0.0, 0.0, 0.0, 0.0, 0.0, 0.0, 0.0, 0.0, 0.0, 0.0, 0.0, 0.0, 0.0, 0.0, 0.0, 1.0, -7.0, -27.0, -64.0, -113.0, -161.0, -202.0, -233.0, -257.0, -274.0, -287.0, -299.0, -311.0, -323.0, -336.0, -351.0, -364.0, -375.0, -383.0, -390.0, -398.0, -405.0, -413.0, -418.0, -421.0, -423.0, -425.0, -430.0, -439.0, -455.0, -477.0, -500.0, -520.0, -536.0, -547.0, -557.0, -564.0, -570.0, -576.0, -582.0, -586.0, -589.0, -591.0, -591.0, -591.0, -591.0]","[335, 335.0, 335.0, 335.0, 335.0, 335.0, 335.0, 335.0, 335.0, 335.0, 335.0, 335.0, 335.0, 335.0, 335.0, 335.0, 335.0, 335.0, 335.0, 335.0, 335.0, 335.0, 335.0, 335.0, 335.0, 335.0, 335.0, 335.0, 335.0, 335.0, 335.0, 335.0, 335.0, 335.0, 335.0, 335.0, 335.0, 335.0, 335.0, 335.0, 335.0, 335.0, 335.0, 335.0, 335.0, 335.0, 335.0, 335.0, 335.0, 335.0, 335.0, 335.0, 335.0, 335.0, 335.0, 335.0, 335.0, 335.0, 335.0, 335.0, 335.0, 335.0, 335.0, 335.0, 335.0, 319.0, 301.0, 282.0, 248.0, 199.0, 142.0, 84.0, 36.0, -3.0, -29.0, -48.0, -62.0, -76.0, -90.0, -105.0, -119.0, -130.0, -137.0, -144.0, -150.0, -157.0, -162.0, -167.0, -170.0, -171.0, -172.0, -173.0, -175.0, -178.0, -181.0, -184.0, -185.0, -186.0, -186.0, -187.0, -187.0, -187.0, -187.0, -187.0, -187.0, -187.0, -187.0, -187.0, -187.0, -187.0, -187.0]"
"26","NA","12","11","Tue Dec 13 14:11:17 2022","Male","800","triangle_3_comp.png","1","square_3_comp.png","right","right","1149","square_4_comp.png","71960","70014","[70810.0, 70820.0, 70830.0, 70840.0, 70850.0, 70860.0, 70870.0, 70880.0, 70890.0, 70900.0, 70910.0, 70920.0, 70930.0, 70940.0, 70950.0, 70960.0, 70970.0, 70980.0, 70990.0, 71000.0, 71010.0, 71020.0, 71030.0, 71040.0, 71050.0, 71060.0, 71070.0, 71080.0, 71090.0, 71100.0, 71110.0, 71120.0, 71130.0, 71140.0, 71150.0, 71160.0, 71170.0, 71180.0, 71190.0, 71200.0, 71210.0, 71220.0, 71230.0, 71240.0, 71250.0, 71260.0, 71270.0, 71280.0, 71290.0, 71300.0, 71310.0, 71320.0, 71330.0, 71340.0, 71350.0, 71360.0, 71370.0, 71380.0, 71390.0, 71400.0, 71410.0, 71420.0, 71430.0, 71440.0, 71450.0, 71460.0, 71470.0, 71480.0, 71490.0, 71500.0, 71510.0, 71520.0, 71530.0, 71540.0, 71550.0, 71560.0, 71570.0, 71580.0, 71590.0, 71600.0, 71610.0, 71620.0, 71630.0, 71640.0, 71650.0, 71660.0, 71670.0, 71680.0, 71690.0, 71700.0, 71710.0, 71720.0, 71730.0, 71740.0, 71750.0, 71760.0, 71770.0, 71780.0, 71790.0, 71800.0, 71810.0, 71820.0, 71830.0, 71840.0, 71850.0, 71860.0, 71870.0, 71880.0, 71890.0, 71900.0, 71910.0, 71920.0, 71930.0, 71940.0, 71950.0, 71959]","NA","[0, 0.0, 0.0, 0.0, 0.0, 0.0, 0.0, 0.0, 0.0, 0.0, 0.0, 0.0, 0.0, 0.0, 0.0, 0.0, 0.0, 0.0, 0.0, 0.0, 0.0, 0.0, 0.0, 0.0, 0.0, 0.0, 0.0, 0.0, 0.0, 0.0, 0.0, 0.0, 0.0, 0.0, 0.0, 0.0, 0.0, 0.0, 0.0, 0.0, 0.0, 0.0, 0.0, 0.0, 0.0, 0.0, 0.0, 0.0, 0.0, 0.0, 0.0, 0.0, 0.0, 0.0, 0.0, 0.0, 0.0, 0.0, 0.0, 0.0, 0.0, 0.0, 0.0, 0.0, 0.0, 0.0, 0.0, 0.0, 0.0, 0.0, 0.0, 0.0, 0.0, 0.0, 0.0, 0.0, 0.0, 0.0, 0.0, 0.0, 0.0, 6.0, 17.0, 26.0, 39.0, 59.0, 93.0, 142.0, 199.0, 262.0, 325.0, 388.0, 445.0, 494.0, 535.0, 568.0, 592.0, 610.0, 622.0, 630.0, 635.0, 639.0, 644.0, 650.0, 654.0, 658.0, 660.0, 661.0, 661.0, 661.0, 661.0, 661.0, 661.0, 661.0, 661.0, 661.0]","[335, 335.0, 335.0, 335.0, 335.0, 335.0, 335.0, 335.0, 335.0, 335.0, 335.0, 335.0, 335.0, 335.0, 335.0, 335.0, 335.0, 335.0, 335.0, 335.0, 335.0, 335.0, 335.0, 335.0, 335.0, 335.0, 335.0, 335.0, 335.0, 335.0, 335.0, 335.0, 335.0, 335.0, 335.0, 335.0, 335.0, 335.0, 335.0, 335.0, 335.0, 335.0, 335.0, 335.0, 335.0, 335.0, 335.0, 335.0, 335.0, 335.0, 335.0, 335.0, 335.0, 335.0, 335.0, 335.0, 335.0, 335.0, 335.0, 335.0, 335.0, 335.0, 335.0, 335.0, 335.0, 335.0, 335.0, 335.0, 335.0, 335.0, 335.0, 335.0, 335.0, 335.0, 335.0, 335.0, 335.0, 335.0, 335.0, 335.0, 335.0, 330.0, 322.0, 314.0, 302.0, 280.0, 247.0, 206.0, 160.0, 115.0, 75.0, 40.0, 9.0, -19.0, -44.0, -64.0, -78.0, -90.0, -97.0, -104.0, -109.0, -114.0, -120.0, -127.0, -135.0, -141.0, -146.0, -148.0, -149.0, -150.0, -150.0, -150.0, -150.0, -150.0, -150.0, -150.0]"
"26","7","12","11","Tue Dec 13 14:11:17 2022","Male","800","triangle_3_comp.png","1","square_3_comp.png","space","right","1149","square_4_comp.png","90660","70014","[70810.0, 70820.0, 70830.0, 70840.0, 70850.0, 70860.0, 70870.0, 70880.0, 70890.0, 70900.0, 70910.0, 70920.0, 70930.0, 70940.0, 70950.0, 70960.0, 70970.0, 70980.0, 70990.0, 71000.0, 71010.0, 71020.0, 71030.0, 71040.0, 71050.0, 71060.0, 71070.0, 71080.0, 71090.0, 71100.0, 71110.0, 71120.0, 71130.0, 71140.0, 71150.0, 71160.0, 71170.0, 71180.0, 71190.0, 71200.0, 71210.0, 71220.0, 71230.0, 71240.0, 71250.0, 71260.0, 71270.0, 71280.0, 71290.0, 71300.0, 71310.0, 71320.0, 71330.0, 71340.0, 71350.0, 71360.0, 71370.0, 71380.0, 71390.0, 71400.0, 71410.0, 71420.0, 71430.0, 71440.0, 71450.0, 71460.0, 71470.0, 71480.0, 71490.0, 71500.0, 71510.0, 71520.0, 71530.0, 71540.0, 71550.0, 71560.0, 71570.0, 71580.0, 71590.0, 71600.0, 71610.0, 71620.0, 71630.0, 71640.0, 71650.0, 71660.0, 71670.0, 71680.0, 71690.0, 71700.0, 71710.0, 71720.0, 71730.0, 71740.0, 71750.0, 71760.0, 71770.0, 71780.0, 71790.0, 71800.0, 71810.0, 71820.0, 71830.0, 71840.0, 71850.0, 71860.0, 71870.0, 71880.0, 71890.0, 71900.0, 71910.0, 71920.0, 71930.0, 71940.0, 71950.0, 71959]","8","[0, 0.0, 0.0, 0.0, 0.0, 0.0, 0.0, 0.0, 0.0, 0.0, 0.0, 0.0, 0.0, 0.0, 0.0, 0.0, 0.0, 0.0, 0.0, 0.0, 0.0, 0.0, 0.0, 0.0, 0.0, 0.0, 0.0, 0.0, 0.0, 0.0, 0.0, 0.0, 0.0, 0.0, 0.0, 0.0, 0.0, 0.0, 0.0, 0.0, 0.0, 0.0, 0.0, 0.0, 0.0, 0.0, 0.0, 0.0, 0.0, 0.0, 0.0, 0.0, 0.0, 0.0, 0.0, 0.0, 0.0, 0.0, 0.0, 0.0, 0.0, 0.0, 0.0, 0.0, 0.0, 0.0, 0.0, 0.0, 0.0, 0.0, 0.0, 0.0, 0.0, 0.0, 0.0, 0.0, 0.0, 0.0, 0.0, 0.0, 0.0, 6.0, 17.0, 26.0, 39.0, 59.0, 93.0, 142.0, 199.0, 262.0, 325.0, 388.0, 445.0, 494.0, 535.0, 568.0, 592.0, 610.0, 622.0, 630.0, 635.0, 639.0, 644.0, 650.0, 654.0, 658.0, 660.0, 661.0, 661.0, 661.0, 661.0, 661.0, 661.0, 661.0, 661.0, 661.0]","[335, 335.0, 335.0, 335.0, 335.0, 335.0, 335.0, 335.0, 335.0, 335.0, 335.0, 335.0, 335.0, 335.0, 335.0, 335.0, 335.0, 335.0, 335.0, 335.0, 335.0, 335.0, 335.0, 335.0, 335.0, 335.0, 335.0, 335.0, 335.0, 335.0, 335.0, 335.0, 335.0, 335.0, 335.0, 335.0, 335.0, 335.0, 335.0, 335.0, 335.0, 335.0, 335.0, 335.0, 335.0, 335.0, 335.0, 335.0, 335.0, 335.0, 335.0, 335.0, 335.0, 335.0, 335.0, 335.0, 335.0, 335.0, 335.0, 335.0, 335.0, 335.0, 335.0, 335.0, 335.0, 335.0, 335.0, 335.0, 335.0, 335.0, 335.0, 335.0, 335.0, 335.0, 335.0, 335.0, 335.0, 335.0, 335.0, 335.0, 335.0, 330.0, 322.0, 314.0, 302.0, 280.0, 247.0, 206.0, 160.0, 115.0, 75.0, 40.0, 9.0, -19.0, -44.0, -64.0, -78.0, -90.0, -97.0, -104.0, -109.0, -114.0, -120.0, -127.0, -135.0, -141.0, -146.0, -148.0, -149.0, -150.0, -150.0, -150.0, -150.0, -150.0, -150.0, -150.0]"
