ParticipantID,Trial,FixationNo,StartTime,EndTime,Duration,PositionX,PositionY,PupilSize,EyeUsed,Order,Task
elisius1,1,1,4,106,104,755.3,423.9,5016,RIGHT,1,Searching
elisius1,1,2,144,356,214,799,346.8,4789,RIGHT,1,Searching
elisius1,1,3,404,626,224,894.9,569,4677,RIGHT,1,Searching
elisius1,1,4,656,806,152,994.4,677.1,4663,RIGHT,1,Searching
elisius1,1,5,858,1066,210,557.8,761.9,4643,RIGHT,1,Searching
elisius1,1,6,1104,1262,160,348.9,578.7,4532,RIGHT,1,Searching
elisius1,1,7,1308,1452,146,170,660.7,4480,RIGHT,1,Searching
elisius1,1,8,1492,1698,208,472.7,718.5,4578,RIGHT,1,Searching
elisius1,1,9,1722,1814,94,524.4,734.4,4560,RIGHT,1,Searching
elisius1,1,10,1854,2000,148,779.3,497.5,4546,RIGHT,1,Searching
elisius1,1,11,2052,2316,266,1406.7,716,4552,RIGHT,1,Searching
elisius1,1,12,2344,2782,440,1516.6,643.5,4535,RIGHT,1,Searching
elisius1,1,13,2812,3032,222,1474.5,520.6,4567,RIGHT,1,Searching
elisius1,1,14,3052,3142,92,1464.8,479.1,4574,RIGHT,1,Searching
elisius1,1,15,3208,3506,300,692.4,552.8,4735,RIGHT,1,Searching
elisius1,1,16,3548,3668,122,1000.1,642.9,4803,RIGHT,1,Searching
elisius1,1,17,3692,3936,246,926.8,598.4,4795,RIGHT,1,Searching
elisius1,1,18,3966,4194,230,730.8,673.1,4722,RIGHT,1,Searching
elisius1,1,19,4242,4438,198,460.5,732.6,4781,RIGHT,1,Searching
elisius1,1,20,4482,4542,62,758.1,758.9,4749,RIGHT,1,Searching
elisius1,1,21,4594,4822,230,449.5,582.7,4807,RIGHT,1,Searching
elisius1,1,22,4862,5172,312,641.9,541.5,4790,RIGHT,1,Searching
elisius1,1,23,5236,5444,210,240.8,721.4,4864,RIGHT,1,Searching
elisius1,1,24,5454,5618,166,257.3,708,4938,RIGHT,1,Searching
elisius1,1,25,5648,5918,272,265.8,540.1,4756,RIGHT,1,Searching
elisius1,1,26,5984,6168,186,128.5,916.9,4840,RIGHT,1,Searching
elisius1,1,27,6186,6276,92,150.5,944,4965,RIGHT,1,Searching
elisius1,1,28,6330,6642,314,502.8,481,5029,RIGHT,1,Searching
elisius1,1,29,6710,6922,214,1399.7,771,4995,RIGHT,1,Searching
elisius1,1,30,6964,7350,388,1244.6,773.9,5084,RIGHT,1,Searching
elisius1,1,31,7376,7546,172,1291.8,846,4900,RIGHT,1,Searching
elisius1,1,32,7564,7636,74,1336.9,808.9,4903,RIGHT,1,Searching
elisius1,1,33,7658,7746,90,1316.6,776.3,4905,RIGHT,1,Searching
elisius1,1,34,7792,8004,214,1340.9,952.2,4850,RIGHT,1,Searching
elisius1,1,35,8018,8432,416,1329,971.6,4982,RIGHT,1,Searching
elisius1,1,36,8488,8752,266,984.8,632.6,4998,RIGHT,1,Searching
elisius1,1,37,8784,9100,318,797.5,699.3,4865,RIGHT,1,Searching
elisius1,1,38,9150,9378,230,477.2,739.6,4847,RIGHT,1,Searching
elisius1,1,39,9414,9744,332,492.6,564.7,4857,RIGHT,1,Searching
elisius1,1,40,9774,9914,142,341.2,496,4872,RIGHT,1,Searching
elisius1,1,41,9936,10116,182,400.4,493.6,4889,RIGHT,1,Searching
elisius1,1,42,10166,10358,194,229.3,690.7,4928,RIGHT,1,Searching
elisius1,1,43,10380,10628,250,285.5,655.5,4937,RIGHT,1,Searching
elisius1,1,44,10702,10966,266,1365.9,662.8,4703,RIGHT,1,Searching
elisius1,1,45,10990,11308,320,1385,609.7,4740,RIGHT,1,Searching
elisius1,1,46,11348,11524,178,1072.7,720.4,4702,RIGHT,1,Searching
elisius1,1,47,11542,11752,212,1124.5,724.6,4863,RIGHT,1,Searching
elisius1,1,48,11792,11952,162,753.8,608.6,4942,RIGHT,1,Searching
elisius1,1,49,11978,12126,150,784.9,680.8,4805,RIGHT,1,Searching
elisius1,1,50,12150,12310,162,821.4,731.2,4832,RIGHT,1,Searching
elisius1,1,51,12320,12446,128,798.7,728.7,4866,RIGHT,1,Searching
elisius1,1,52,12494,12830,338,476.5,744.8,4879,RIGHT,1,Searching
elisius1,1,53,12868,13150,284,377.8,599.6,4785,RIGHT,1,Searching
elisius1,1,54,13170,13412,244,405.6,569.3,4786,RIGHT,1,Searching
elisius1,1,55,13476,13656,182,1195.1,538.8,4803,RIGHT,1,Searching
elisius1,1,56,13726,13948,224,520.3,465.8,5096,RIGHT,1,Searching
elisius1,1,57,13970,14104,136,597.4,425.9,5086,RIGHT,1,Searching
elisius1,1,58,14146,14400,256,710.6,187.4,4990,RIGHT,1,Searching
elisius1,1,59,14460,14600,142,1516.9,184.5,4737,RIGHT,1,Searching
elisius1,1,60,14618,14780,164,1493.5,154.7,4746,RIGHT,1,Searching
elisius1,1,61,14814,14968,156,1534.2,4,4561,RIGHT,1,Searching
elisius1,1,62,14982,15094,114,1563.1,4.8,4476,RIGHT,1,Searching
elisius1,1,63,15146,15210,66,1047,91,4598,RIGHT,1,Searching
elisius1,1,64,15272,15452,182,503.7,471.6,4927,RIGHT,1,Searching
elisius1,1,65,15506,15746,242,90.2,421.3,4802,RIGHT,1,Searching
elisius1,1,66,15790,16024,236,80.7,629.9,4905,RIGHT,1,Searching
elisius1,1,67,16070,16270,202,440.6,774.6,4948,RIGHT,1,Searching
elisius1,1,68,16324,16446,124,989.3,844.1,4930,RIGHT,1,Searching
elisius1,1,69,16508,16668,162,295.1,908.6,4985,RIGHT,1,Searching
elisius1,1,70,16712,16824,114,131.5,948.7,4997,RIGHT,1,Searching
elisius1,1,71,16906,17120,216,1403.8,922.1,4917,RIGHT,1,Searching
elisius1,1,72,17146,17486,342,1332,969.9,5145,RIGHT,1,Searching
elisius1,1,73,17524,17746,224,1427.8,720.8,5203,RIGHT,1,Searching
elisius1,1,74,17774,18022,250,1546.7,683.1,5041,RIGHT,1,Searching
elisius1,1,75,18048,18194,148,1567.1,622.4,4918,RIGHT,1,Searching
elisius1,1,76,18250,18632,384,988.6,575.7,5027,RIGHT,1,Searching
elisius1,1,77,18664,18956,294,738.9,661.3,5049,RIGHT,1,Searching
elisius1,1,78,18980,19156,178,667.6,652.4,5023,RIGHT,1,Searching
elisius1,1,79,19186,19370,186,733.3,734.1,4923,RIGHT,1,Searching
elisius1,1,80,19392,19746,356,782.8,735.7,4968,RIGHT,1,Searching
elisius1,1,81,19784,20150,368,465.2,613,4884,RIGHT,1,Searching
elisius1,1,82,20170,20362,194,432.7,564.6,4847,RIGHT,1,Searching
elisius1,1,83,20394,20536,144,636.5,535.9,4880,RIGHT,1,Searching
elisius1,1,84,20590,20886,298,279.8,667.5,5002,RIGHT,1,Searching
elisius1,1,85,20914,21176,264,194.4,610.1,4929,RIGHT,1,Searching
elisius1,2,1,4,124,122,193.1,613.7,4945,RIGHT,1,Searching
elisius1,2,2,186,392,208,1203.3,650.7,4971,RIGHT,1,Searching
elisius1,2,3,440,756,318,844.4,508.7,5215,RIGHT,1,Searching
elisius1,2,4,768,1080,314,819.8,515.9,5330,RIGHT,1,Searching
elisius1,2,5,1100,1292,194,791.2,533.8,5459,RIGHT,1,Searching
elisius1,2,6,1308,1598,292,828.2,533.6,5618,RIGHT,1,Searching
elisius1,2,7,1616,1920,306,831.1,493.1,5579,RIGHT,1,Searching
elisius1,2,8,1960,2134,176,1041.9,302,5273,RIGHT,1,Searching
elisius1,2,9,2164,2398,236,1157.8,285.9,5077,RIGHT,1,Searching
elisius1,2,10,2444,2672,230,870.3,346.7,4962,RIGHT,1,Searching
elisius1,2,11,2744,3030,288,764.2,948.6,5175,RIGHT,1,Searching
elisius1,2,12,3058,3214,158,718,1015.3,5248,RIGHT,1,Searching
elisius1,2,13,3246,3394,150,888.7,1019.5,5176,RIGHT,1,Searching
elisius1,2,14,3406,3774,370,864.8,1011,5195,RIGHT,1,Searching
elisius1,2,15,3826,4056,232,459.5,715.6,5206,RIGHT,1,Searching
elisius1,2,16,4134,4358,226,373.6,590.8,5122,RIGHT,1,Searching
elisius1,2,17,4380,4642,264,378.8,546.5,5014,RIGHT,1,Searching
elisius1,2,18,4694,4890,198,969.1,449.8,5007,RIGHT,1,Searching
elisius1,2,19,4956,5136,182,531.8,559.5,5133,RIGHT,1,Searching
elisius1,2,20,5172,5350,180,731,539.1,5013,RIGHT,1,Searching
elisius1,2,21,5380,5652,274,849,525.3,5003,RIGHT,1,Searching
elisius1,2,22,5662,5848,188,837.6,541.2,4973,RIGHT,1,Searching
elisius1,2,23,5900,6064,166,676.5,258.3,4943,RIGHT,1,Searching
elisius1,2,24,6090,6248,160,607.6,203.5,4855,RIGHT,1,Searching
elisius1,2,25,6288,6554,268,858.7,357,4958,RIGHT,1,Searching
elisius1,2,26,6568,6704,138,835.5,348.8,5019,RIGHT,1,Searching
elisius1,2,27,6744,7132,390,1107.4,488.1,5051,RIGHT,1,Searching
elisius1,2,28,7162,7286,126,1217.2,482.9,5134,RIGHT,1,Searching
elisius1,2,29,7346,7692,348,845.6,775.5,5351,RIGHT,1,Searching
elisius1,2,30,7736,7926,192,792.5,906,5376,RIGHT,1,Searching
elisius1,2,31,7984,8198,216,580.8,518.1,5286,RIGHT,1,Searching
elisius1,2,32,8244,8606,364,375.7,556.1,5253,RIGHT,1,Searching
elisius1,2,33,8654,8894,242,688.2,304.3,5253,RIGHT,1,Searching
elisius1,2,34,8920,9046,128,682.4,238.3,5180,RIGHT,1,Searching
elisius1,2,35,9070,9190,122,596.7,208.5,5101,RIGHT,1,Searching
elisius1,2,36,9244,9530,288,775.4,497.5,5156,RIGHT,1,Searching
elisius1,2,37,9556,9850,296,834.7,532.4,5115,RIGHT,1,Searching
elisius1,2,38,9880,10042,164,975.6,590.4,5025,RIGHT,1,Searching
elisius1,2,39,10092,10448,358,664,630.8,5001,RIGHT,1,Searching
elisius1,2,40,10494,10594,102,599.9,745,5023,RIGHT,1,Searching
elisius1,2,41,10628,10874,248,780.6,666.5,5104,RIGHT,1,Searching
elisius1,2,42,10890,11132,244,752.8,665.2,5119,RIGHT,1,Searching
elisius1,2,43,11170,11512,344,1087.9,657.9,5083,RIGHT,1,Searching
elisius1,2,44,11534,11684,152,1161.2,674.4,5219,RIGHT,1,Searching
elisius1,2,45,11736,11938,204,791.7,853.4,5364,RIGHT,1,Searching
elisius1,2,46,11974,12194,222,760.4,914,5432,RIGHT,1,Searching
elisius1,2,47,12256,12420,166,1145.6,332,5418,RIGHT,1,Searching
elisius1,2,48,12466,12684,220,1265,451.9,5478,RIGHT,1,Searching
elisius1,2,49,12726,12904,180,985.8,275,5402,RIGHT,1,Searching
elisius1,2,50,12924,13090,168,1029.2,282.7,5330,RIGHT,1,Searching
elisius1,2,51,13122,13236,116,890.4,324.5,5368,RIGHT,1,Searching
elisius1,2,52,13278,13396,120,1138.2,463.5,5380,RIGHT,1,Searching
elisius1,2,53,13454,13792,340,882.6,49.6,5131,RIGHT,1,Searching
elisius1,2,54,13852,14066,216,522.5,414.2,5174,RIGHT,1,Searching
elisius1,2,55,14104,14264,162,835.3,574.7,5302,RIGHT,1,Searching
elisius1,2,56,14302,14510,210,442.2,582.8,5322,RIGHT,1,Searching
elisius1,2,57,14532,14662,132,381.7,564.2,5147,RIGHT,1,Searching
elisius1,2,58,14714,14978,266,873.6,821.7,5075,RIGHT,1,Searching
elisius1,2,59,15008,15356,350,988.1,842.8,5183,RIGHT,1,Searching
elisius1,2,60,15382,15690,310,1050.3,742.5,5206,RIGHT,1,Searching
elisius1,2,61,15718,15878,162,1065.7,639,5106,RIGHT,1,Searching
elisius1,2,62,15888,16072,186,1052,649.4,5080,RIGHT,1,Searching
elisius1,2,63,16086,16386,302,1081.5,651.6,5016,RIGHT,1,Searching
elisius1,2,64,16430,16686,258,874.1,450.3,5020,RIGHT,1,Searching
elisius1,2,65,16712,17304,594,820.8,480.9,5040,RIGHT,1,Searching
elisius1,2,66,17336,17480,146,779.3,563.2,5113,RIGHT,1,Searching
elisius1,2,67,17492,17708,218,789.1,540.9,5134,RIGHT,1,Searching
elisius1,2,68,17752,17852,102,809.4,658.8,5082,RIGHT,1,Searching
elisius1,2,69,17864,18162,300,808.3,637.3,5060,RIGHT,1,Searching
elisius1,2,70,18202,18572,372,613.8,402.8,4935,RIGHT,1,Searching
elisius1,2,71,18594,18864,272,550.1,402.7,4900,RIGHT,1,Searching
elisius1,2,72,18908,19228,322,605.6,556.8,5098,RIGHT,1,Searching
elisius1,2,73,19236,19444,210,586.4,550.3,5207,RIGHT,1,Searching
elisius1,2,74,19494,19676,184,356.3,545.4,5218,RIGHT,1,Searching
elisius1,2,75,19724,19994,272,788.7,284,5181,RIGHT,1,Searching
elisius1,2,76,20026,20462,438,940.9,273.4,5123,RIGHT,1,Searching
elisius1,2,77,20528,21100,574,1170,676.8,5313,RIGHT,1,Searching
elisius1,3,1,4,212,210,878.3,906.8,5396,RIGHT,1,Searching
elisius1,3,2,230,452,224,926,891.6,5416,RIGHT,1,Searching
elisius1,3,3,502,648,148,859.8,572.5,5179,RIGHT,1,Searching
elisius1,3,4,674,884,212,829.7,648.5,5051,RIGHT,1,Searching
elisius1,3,5,910,1134,226,806.8,699,5016,RIGHT,1,Searching
elisius1,3,6,1174,1316,144,982,710.5,5041,RIGHT,1,Searching
elisius1,3,7,1352,1492,142,1131.4,884.3,5093,RIGHT,1,Searching
elisius1,3,8,1554,1926,374,387.2,753.3,5235,RIGHT,1,Searching
elisius1,3,9,1956,2122,168,291.1,621.1,5058,RIGHT,1,Searching
elisius1,3,10,2162,2418,258,177.6,635.5,4998,RIGHT,1,Searching
elisius1,3,11,2442,2640,200,136.3,671.7,4996,RIGHT,1,Searching
elisius1,3,12,2686,2846,162,359.3,351.4,5025,RIGHT,1,Searching
elisius1,3,13,2896,3220,326,814.5,286.7,5011,RIGHT,1,Searching
elisius1,3,14,3272,3430,160,1304.2,419,5003,RIGHT,1,Searching
elisius1,3,15,3498,3800,304,965.2,671.9,5320,RIGHT,1,Searching
elisius1,3,16,3828,3986,160,983.9,723.2,5284,RIGHT,1,Searching
elisius1,3,17,4040,4256,218,1547.1,911.3,5105,RIGHT,1,Searching
elisius1,3,18,4296,4508,214,1083.1,935.1,5204,RIGHT,1,Searching
elisius1,3,19,4542,4750,210,806.1,886.1,5144,RIGHT,1,Searching
elisius1,3,20,4782,5010,230,923.6,720.7,4969,RIGHT,1,Searching
elisius1,3,21,5066,5260,196,448.3,700.6,4910,RIGHT,1,Searching
elisius1,3,22,5280,5484,206,486.4,652.5,4860,RIGHT,1,Searching
elisius1,3,23,5496,5576,82,497.4,635.2,4831,RIGHT,1,Searching
elisius1,3,24,5602,6070,470,574.7,675.7,4805,RIGHT,1,Searching
elisius1,3,25,6098,6252,156,694.4,665.8,4792,RIGHT,1,Searching
elisius1,3,26,6280,6430,152,540.7,639.1,4882,RIGHT,1,Searching
elisius1,3,27,6446,6658,214,561.5,653.5,4932,RIGHT,1,Searching
elisius1,3,28,6666,6922,258,579.3,650.7,4910,RIGHT,1,Searching
elisius1,3,29,6974,7198,226,233.4,673.4,4892,RIGHT,1,Searching
elisius1,3,30,7226,7460,236,120.2,668.4,4934,RIGHT,1,Searching
elisius1,3,31,7494,7670,178,234.6,783.1,5049,RIGHT,1,Searching
elisius1,3,32,7702,7850,150,166.8,671.8,5144,RIGHT,1,Searching
elisius1,3,33,7870,8390,522,155.8,646.9,5004,RIGHT,1,Searching
elisius1,3,34,8442,8624,184,377.9,947.3,5082,RIGHT,1,Searching
elisius1,3,35,8636,8762,128,363.8,950.8,5246,RIGHT,1,Searching
elisius1,3,36,8804,9314,512,718,769.3,5252,RIGHT,1,Searching
elisius1,3,37,9338,9616,280,640.3,748.1,5202,RIGHT,1,Searching
elisius1,3,38,9662,10018,358,1183.2,828.1,5140,RIGHT,1,Searching
elisius1,3,39,10060,10316,258,1528.1,937.9,5061,RIGHT,1,Searching
elisius1,3,40,10370,10586,218,1445.1,550.4,5125,RIGHT,1,Searching
elisius1,3,41,10620,10768,150,1181.8,506.7,5115,RIGHT,1,Searching
elisius1,3,42,10806,11068,264,1055.4,706.2,5143,RIGHT,1,Searching
elisius1,3,43,11090,11368,280,1004.5,726.8,5099,RIGHT,1,Searching
elisius1,3,44,11388,11544,158,1024.1,761.4,5031,RIGHT,1,Searching
elisius1,3,45,11566,11780,216,965.7,776.5,5034,RIGHT,1,Searching
elisius1,3,46,11818,12068,252,668.4,699.4,4988,RIGHT,1,Searching
elisius1,3,47,12082,12530,450,673.5,667.4,4881,RIGHT,1,Searching
elisius1,3,48,12558,12764,208,494.5,664.3,4896,RIGHT,1,Searching
elisius1,3,49,12780,12992,214,524.6,660.3,4890,RIGHT,1,Searching
elisius1,3,50,13050,13328,280,723,319.9,4706,RIGHT,1,Searching
elisius1,3,51,13368,13504,138,803.3,214,4545,RIGHT,1,Searching
elisius1,3,52,13566,13768,204,205.6,218.6,4590,RIGHT,1,Searching
elisius1,3,53,13796,13982,188,340.7,278.3,4621,RIGHT,1,Searching
elisius1,3,54,14026,14370,346,126.5,128.2,4705,RIGHT,1,Searching
elisius1,3,55,14436,14516,82,184.3,572.7,4863,RIGHT,1,Searching
elisius1,3,56,14538,14730,194,158.9,511.8,4975,RIGHT,1,Searching
elisius1,3,57,14774,14964,192,117.8,683.6,4984,RIGHT,1,Searching
elisius1,3,58,14980,15192,214,84.7,693.9,4965,RIGHT,1,Searching
elisius1,3,59,15218,15914,698,145.2,657.1,4984,RIGHT,1,Searching
elisius1,3,60,15988,16244,258,1324.5,368.9,5013,RIGHT,1,Searching
elisius1,3,61,16286,16618,334,877.9,270.5,4990,RIGHT,1,Searching
elisius1,3,62,16670,16936,268,1337.8,572.6,4893,RIGHT,1,Searching
elisius1,3,63,16976,17204,230,1168.6,614.5,5101,RIGHT,1,Searching
elisius1,3,64,17226,17688,464,1117,601.6,5237,RIGHT,1,Searching
elisius1,3,65,17744,17880,138,916.9,765.2,5456,RIGHT,1,Searching
elisius1,3,66,17900,18238,340,962.4,732.2,5251,RIGHT,1,Searching
elisius1,3,67,18250,18478,230,973.9,715.6,4924,RIGHT,1,Searching
elisius1,3,68,18500,19060,562,1010.1,746.4,4819,RIGHT,1,Searching
elisius1,3,69,19094,19382,290,745.4,675.6,4778,RIGHT,1,Searching
elisius1,3,70,19416,19722,308,524.5,641.5,4806,RIGHT,1,Searching
elisius1,3,71,19738,19930,194,493,620.2,4853,RIGHT,1,Searching
elisius1,3,72,19980,20150,172,323.9,821.9,4896,RIGHT,1,Searching
elisius1,3,73,20166,20430,266,345.2,787.6,4980,RIGHT,1,Searching
elisius1,3,74,20464,20680,218,625.7,751.5,4876,RIGHT,1,Searching
elisius1,3,75,20728,20966,240,196.8,672.3,4984,RIGHT,1,Searching
elisius1,3,76,20992,21162,172,120.8,671.8,4923,RIGHT,1,Searching
elisius1,4,1,4,358,356,160.4,642.1,4955,RIGHT,1,Searching
elisius1,4,2,410,604,196,891,581.1,5029,RIGHT,1,Searching
elisius1,4,3,634,836,204,894.5,441.5,4776,RIGHT,1,Searching
elisius1,4,4,882,1164,284,1154.2,138.1,4347,RIGHT,1,Searching
elisius1,4,5,1204,1386,184,1117.8,233.1,4418,RIGHT,1,Searching
elisius1,4,6,1434,1778,346,748,53.6,4456,RIGHT,1,Searching
elisius1,4,7,1840,2068,230,480.6,465.1,4633,RIGHT,1,Searching
elisius1,4,8,2124,2230,108,122.2,609.3,4658,RIGHT,1,Searching
elisius1,4,9,2308,2608,302,1330.4,101.8,4440,RIGHT,1,Searching
elisius1,4,10,2632,2758,128,1286,155.6,4378,RIGHT,1,Searching
elisius1,4,11,2820,3032,214,1542.1,766.7,4639,RIGHT,1,Searching
elisius1,4,12,3058,3250,194,1589.8,623,4726,RIGHT,1,Searching
elisius1,4,13,3288,3510,224,1178.5,565.4,4750,RIGHT,1,Searching
elisius1,4,14,3526,4004,480,1222.8,581.6,4651,RIGHT,1,Searching
elisius1,4,15,4056,4284,230,1441.1,840.4,4724,RIGHT,1,Searching
elisius1,4,16,4342,4556,216,772.6,751.7,4938,RIGHT,1,Searching
elisius1,4,17,4590,4858,270,562.8,635.2,4890,RIGHT,1,Searching
elisius1,4,18,4890,5296,408,402.1,748.7,4902,RIGHT,1,Searching
elisius1,4,19,5316,5554,240,441.1,721.7,4988,RIGHT,1,Searching
elisius1,4,20,5616,5832,218,422.3,219.5,4720,RIGHT,1,Searching
elisius1,4,21,5878,6006,130,827.2,329.3,4772,RIGHT,1,Searching
elisius1,4,22,6044,6322,280,674.8,200.4,4647,RIGHT,1,Searching
elisius1,4,23,6360,6652,294,729.9,27.2,4508,RIGHT,1,Searching
elisius1,4,24,6700,7054,356,1143.1,53.9,4462,RIGHT,1,Searching
elisius1,4,25,7104,7224,122,1250.3,231.3,4476,RIGHT,1,Searching
elisius1,4,26,7266,7708,444,1319.2,56.9,4338,RIGHT,1,Searching
elisius1,4,27,7766,8014,250,751.2,488.4,4623,RIGHT,1,Searching
elisius1,4,28,8044,8214,172,518.1,404.9,4613,RIGHT,1,Searching
elisius1,4,29,8262,8536,276,886.8,654,4622,RIGHT,1,Searching
elisius1,4,30,8558,8792,236,808.6,601.5,4678,RIGHT,1,Searching
elisius1,4,31,8826,9090,266,946.9,827.6,4642,RIGHT,1,Searching
elisius1,4,32,9114,9674,562,1027.7,842.6,4734,RIGHT,1,Searching
elisius1,4,33,9720,10032,314,1243.5,614.8,4879,RIGHT,1,Searching
elisius1,4,34,10044,10186,144,1270.6,625.8,4979,RIGHT,1,Searching
elisius1,4,35,10260,10492,234,202.9,699.7,5082,RIGHT,1,Searching
elisius1,4,36,10546,10724,180,164.6,406.4,4847,RIGHT,1,Searching
elisius1,4,37,10772,11002,232,472.2,664.7,4895,RIGHT,1,Searching
elisius1,4,38,11030,11410,382,410.5,746.2,4932,RIGHT,1,Searching
elisius1,4,39,11462,11710,250,376.4,152.2,4763,RIGHT,1,Searching
elisius1,4,40,11748,11962,216,170.9,54.5,4655,RIGHT,1,Searching
elisius1,4,41,11980,12090,112,109.7,36.6,4576,RIGHT,1,Searching
elisius1,4,42,12150,12386,238,469.6,432.3,4831,RIGHT,1,Searching
elisius1,4,43,12410,12564,156,512.3,382.2,4922,RIGHT,1,Searching
elisius1,4,44,12626,12836,212,794.8,484.3,4894,RIGHT,1,Searching
elisius1,4,45,12874,13122,250,802.1,557.5,5013,RIGHT,1,Searching
elisius1,4,46,13142,13366,226,826.2,601.9,5064,RIGHT,1,Searching
elisius1,4,47,13396,13490,96,669.8,694.6,5049,RIGHT,1,Searching
elisius1,4,48,13562,13812,252,838.2,187.9,4809,RIGHT,1,Searching
elisius1,4,49,13844,14028,186,986.9,270.9,4820,RIGHT,1,Searching
elisius1,4,50,14064,14342,280,1227.4,254.5,4798,RIGHT,1,Searching
elisius1,4,51,14370,14564,196,1269.9,107.3,4663,RIGHT,1,Searching
elisius1,4,52,14592,14798,208,1180.6,158.6,4655,RIGHT,1,Searching
elisius1,4,53,14830,15072,244,1331.1,74.8,4556,RIGHT,1,Searching
elisius1,4,54,15138,15456,320,1548.8,683.3,4771,RIGHT,1,Searching
elisius1,4,55,15490,15676,188,1255,545.6,4875,RIGHT,1,Searching
elisius1,4,56,15718,16070,354,1572,826.8,4895,RIGHT,1,Searching
elisius1,4,57,16142,16350,210,532.3,897.9,5126,RIGHT,1,Searching
elisius1,4,58,16396,16536,142,340.1,938.2,5060,RIGHT,1,Searching
elisius1,4,59,16560,16764,206,406.5,993.4,5048,RIGHT,1,Searching
elisius1,4,60,16788,17250,464,393.7,937.2,4939,RIGHT,1,Searching
elisius1,4,61,17264,17394,132,382.9,977.5,4869,RIGHT,1,Searching
elisius1,4,62,17456,17682,228,868.9,434.1,4907,RIGHT,1,Searching
elisius1,4,63,17714,18030,318,1016.7,521.3,4743,RIGHT,1,Searching
elisius1,4,64,18062,18282,222,901.6,644.1,4653,RIGHT,1,Searching
elisius1,4,65,18332,18682,352,1230.3,255.7,4554,RIGHT,1,Searching
elisius1,4,66,18752,18970,220,272.8,271.3,4524,RIGHT,1,Searching
elisius1,4,67,19018,19310,294,154.4,439.2,4568,RIGHT,1,Searching
elisius1,4,68,19346,19590,246,511.1,497.1,4651,RIGHT,1,Searching
elisius1,4,69,19612,19762,152,506.1,439.2,4628,RIGHT,1,Searching
elisius1,4,70,19812,19982,172,527.8,675.7,4598,RIGHT,1,Searching
elisius1,4,71,20020,20442,424,832.4,626.5,4621,RIGHT,1,Searching
elisius1,4,72,20466,20504,40,825.3,675.6,4629,RIGHT,1,Searching
elisius1,4,73,20552,20868,318,1331.9,757.1,4654,RIGHT,1,Searching
elisius1,4,74,20898,21144,248,1433.5,864.8,4672,RIGHT,1,Searching
elisius1,5,1,4,350,348,447.5,795.5,4779,RIGHT,1,Searching
elisius1,5,2,376,498,124,486.8,700.8,4741,RIGHT,1,Searching
elisius1,5,3,542,670,130,787.5,520.4,4669,RIGHT,1,Searching
elisius1,5,4,722,884,164,680.3,295.5,4367,RIGHT,1,Searching
elisius1,5,5,944,1204,262,597.6,847.9,4402,RIGHT,1,Searching
elisius1,5,6,1224,1488,266,550.2,815,4538,RIGHT,1,Searching
elisius1,5,7,1522,1668,148,653.4,922.1,4503,RIGHT,1,Searching
elisius1,5,8,1722,1956,236,1324.3,896.4,4556,RIGHT,1,Searching
elisius1,5,9,1984,2290,308,1154,1000.2,4585,RIGHT,1,Searching
elisius1,5,10,2312,2522,212,1116.7,930.3,4705,RIGHT,1,Searching
elisius1,5,11,2588,2866,280,333.9,921.2,4839,RIGHT,1,Searching
elisius1,5,12,2892,2958,68,418.8,936.8,4818,RIGHT,1,Searching
elisius1,5,13,3008,3286,280,942.7,482.3,4860,RIGHT,1,Searching
elisius1,5,14,3314,3546,234,1033.8,536.9,4751,RIGHT,1,Searching
elisius1,5,15,3588,3936,350,1109.8,338.6,4572,RIGHT,1,Searching
elisius1,5,16,3984,4232,250,749.5,402.3,4613,RIGHT,1,Searching
elisius1,5,17,4266,4508,244,563.4,566.7,4772,RIGHT,1,Searching
elisius1,5,18,4552,4816,266,410.6,617.8,4817,RIGHT,1,Searching
elisius1,5,19,4846,5084,240,493.5,755.7,4767,RIGHT,1,Searching
elisius1,5,20,5108,5326,220,545.3,791.8,4777,RIGHT,1,Searching
elisius1,5,21,5356,5572,218,302.8,739.7,4800,RIGHT,1,Searching
elisius1,5,22,5584,5950,368,312.7,757.5,4845,RIGHT,1,Searching
elisius1,5,23,6018,6436,420,1017.8,574.1,4927,RIGHT,1,Searching
elisius1,5,24,6464,6650,188,887.4,560.8,4869,RIGHT,1,Searching
elisius1,5,25,6688,6852,166,1212.5,671.5,4794,RIGHT,1,Searching
elisius1,5,26,6866,7002,138,1182.4,663.7,4805,RIGHT,1,Searching
elisius1,5,27,7074,7196,124,219.5,512.8,4706,RIGHT,1,Searching
elisius1,5,28,7222,7358,138,137.7,419.7,4554,RIGHT,1,Searching
elisius1,5,29,7406,7676,272,699.6,254.6,4536,RIGHT,1,Searching
elisius1,5,30,7702,7986,286,760.7,198.6,4648,RIGHT,1,Searching
elisius1,5,31,8080,8256,178,1304.2,798.2,4807,RIGHT,1,Searching
elisius1,5,32,8280,8420,142,1388.5,752.5,4952,RIGHT,1,Searching
elisius1,5,33,8486,8694,210,807.8,771.1,4854,RIGHT,1,Searching
elisius1,5,34,8726,8978,254,582,783.5,4870,RIGHT,1,Searching
elisius1,5,35,8998,9300,304,536.7,784.8,4884,RIGHT,1,Searching
elisius1,5,36,9324,9498,176,507.5,837.7,4874,RIGHT,1,Searching
elisius1,5,37,9528,9892,366,582.2,739.2,4911,RIGHT,1,Searching
elisius1,5,38,9946,10190,246,402.3,969.4,4881,RIGHT,1,Searching
elisius1,5,39,10234,10600,368,885.5,918.6,4837,RIGHT,1,Searching
elisius1,5,40,10644,10848,206,1238.6,856.2,4738,RIGHT,1,Searching
elisius1,5,41,10870,11086,218,1225.6,785.3,4730,RIGHT,1,Searching
elisius1,5,42,11140,11364,226,704.1,752.1,4688,RIGHT,1,Searching
elisius1,5,43,11408,11618,212,513.6,749.3,4799,RIGHT,1,Searching
elisius1,5,44,11640,11910,272,554.2,775.2,4837,RIGHT,1,Searching
elisius1,5,45,11956,12228,274,311.7,751.2,4819,RIGHT,1,Searching
elisius1,5,46,12280,12434,156,799.8,351.2,4740,RIGHT,1,Searching
elisius1,5,47,12480,12656,178,345.8,754.1,4735,RIGHT,1,Searching
elisius1,5,48,12666,12950,286,318.6,753,4746,RIGHT,1,Searching
elisius1,5,49,13006,13346,342,634.9,218.9,4662,RIGHT,1,Searching
elisius1,5,50,13392,13562,172,809.8,168.4,4633,RIGHT,1,Searching
elisius1,5,51,13630,13838,210,1407.5,865.6,4734,RIGHT,1,Searching
elisius1,5,52,13856,14164,310,1359.2,864.7,4745,RIGHT,1,Searching
elisius1,5,53,14190,14478,290,1330.1,781.2,4647,RIGHT,1,Searching
elisius1,5,54,14530,14834,306,861.2,796.1,4657,RIGHT,1,Searching
elisius1,5,55,14880,15162,284,748.3,932.1,4727,RIGHT,1,Searching
elisius1,5,56,15394,15514,122,549.8,954.4,4901,RIGHT,1,Searching
elisius1,5,57,15538,15794,258,477,995.4,5079,RIGHT,1,Searching
elisius1,5,58,15834,15990,158,465.7,892.8,5001,RIGHT,1,Searching
elisius1,5,59,16016,16106,92,374.1,955.1,4958,RIGHT,1,Searching
elisius1,5,60,16162,16398,238,911.6,517.2,4912,RIGHT,1,Searching
elisius1,5,61,16438,16644,208,1040.8,392.6,4789,RIGHT,1,Searching
elisius1,5,62,16666,16830,166,1103.6,366.3,4546,RIGHT,1,Searching
elisius1,5,63,16884,17120,238,653.6,264.8,4350,RIGHT,1,Searching
elisius1,5,64,17146,17356,212,574.7,269.9,4316,RIGHT,1,Searching
elisius1,5,65,17404,17680,278,374.2,530,4523,RIGHT,1,Searching
elisius1,5,66,17708,17942,236,332.9,640.1,4523,RIGHT,1,Searching
elisius1,5,67,17990,18228,240,847.2,712.2,4554,RIGHT,1,Searching
elisius1,5,68,18252,18470,220,925.5,627.4,4594,RIGHT,1,Searching
elisius1,5,69,18496,18674,180,1039.6,590,4513,RIGHT,1,Searching
elisius1,5,70,18716,18888,174,1333.6,786.6,4452,RIGHT,1,Searching
elisius1,5,71,18916,19180,266,1435.7,796.8,4536,RIGHT,1,Searching
elisius1,5,72,19222,19404,184,1356.6,892.3,4573,RIGHT,1,Searching
elisius1,5,73,19414,19530,118,1353.4,872.2,4654,RIGHT,1,Searching
elisius1,5,74,19586,19796,212,805.5,836,4689,RIGHT,1,Searching
elisius1,5,75,19844,20112,270,525,864.1,4673,RIGHT,1,Searching
elisius1,5,76,20134,20472,340,571.2,794.6,4603,RIGHT,1,Searching
elisius1,5,77,20504,20726,224,360.9,764.4,4596,RIGHT,1,Searching
elisius1,5,78,20738,20996,260,336.5,774.2,4581,RIGHT,1,Searching
elisius1,5,79,21046,21200,156,784.4,905.1,4567,RIGHT,1,Searching
elisius1,6,1,4,422,420,754.2,475.4,5446,RIGHT,1,Counting
elisius1,6,2,458,716,260,861.6,328.4,5443,RIGHT,1,Counting
elisius1,6,3,778,944,168,608.5,521.7,5273,RIGHT,1,Counting
elisius1,6,4,970,1240,272,517.6,603,5182,RIGHT,1,Counting
elisius1,6,5,1408,1428,22,573.3,573.2,5141,RIGHT,1,Counting
elisius1,6,6,1444,1534,92,569.8,599.2,5169,RIGHT,1,Counting
elisius1,6,7,1562,1730,170,481.5,604.5,5316,RIGHT,1,Counting
elisius1,6,8,1786,1976,192,802.9,839.3,5313,RIGHT,1,Counting
elisius1,6,9,2000,2140,142,713.2,825,5225,RIGHT,1,Counting
elisius1,6,10,2202,2522,322,898.2,290.9,5001,RIGHT,1,Counting
elisius1,6,11,2582,2706,126,375.7,100.4,4800,RIGHT,1,Counting
elisius1,6,12,2762,3006,246,1091.9,312.1,4933,RIGHT,1,Counting
elisius1,6,13,3034,3336,304,1185.3,362,4935,RIGHT,1,Counting
elisius1,6,14,3396,3614,220,626.7,483.3,4955,RIGHT,1,Counting
elisius1,6,15,3648,3850,204,499.6,628.2,5086,RIGHT,1,Counting
elisius1,6,16,3884,4024,142,319.5,596.2,5113,RIGHT,1,Counting
elisius1,6,17,4078,4254,178,582.2,809.9,5046,RIGHT,1,Counting
elisius1,6,18,4278,4654,378,662.2,816.3,5040,RIGHT,1,Counting
elisius1,6,19,4696,4920,226,330.6,587.8,5078,RIGHT,1,Counting
elisius1,6,20,4944,5426,484,302.8,614.8,5285,RIGHT,1,Counting
elisius1,6,21,5488,5698,212,285.5,146,5166,RIGHT,1,Counting
elisius1,6,22,5748,5974,228,495.9,335.2,5299,RIGHT,1,Counting
elisius1,6,23,6052,6116,66,283.9,1059.7,5414,RIGHT,1,Counting
elisius1,6,24,6142,6312,172,277.2,961.3,5338,RIGHT,1,Counting
elisius1,6,25,6336,6534,200,377.5,933.9,5288,RIGHT,1,Counting
elisius1,6,26,6568,6802,236,672.6,836.8,5210,RIGHT,1,Counting
elisius1,6,27,6820,7072,254,661.7,805,5210,RIGHT,1,Counting
elisius1,6,28,7138,7388,252,1238.1,402.8,5108,RIGHT,1,Counting
elisius1,6,29,7414,7666,254,1146.3,355.5,5038,RIGHT,1,Counting
elisius1,6,30,7678,7826,150,1165.6,370,5013,RIGHT,1,Counting
elisius1,6,31,7884,8190,308,1355.2,732.9,5069,RIGHT,1,Counting
elisius1,6,32,8218,8346,130,1321,801.3,5158,RIGHT,1,Counting
elisius1,6,33,8384,8634,252,1123.5,585.6,5316,RIGHT,1,Counting
elisius1,6,34,8698,8842,146,412.4,491.8,5307,RIGHT,1,Counting
elisius1,6,35,8870,9036,168,356.4,587.6,5224,RIGHT,1,Counting
elisius1,6,36,9064,9336,274,303.3,614.6,5215,RIGHT,1,Counting
elisius1,6,37,9394,9540,148,210.8,256,5121,RIGHT,1,Counting
elisius1,6,38,9566,9774,210,242.3,320.8,5253,RIGHT,1,Counting
elisius1,6,39,9826,10040,216,205.2,51.3,4956,RIGHT,1,Counting
elisius1,6,40,10108,10312,206,1058,344.5,5234,RIGHT,1,Counting
elisius1,6,41,10340,10522,184,1161,366.9,5332,RIGHT,1,Counting
elisius1,6,42,10566,10628,64,1305.1,301.8,5290,RIGHT,1,Counting
elisius1,6,43,10658,10818,162,1341.3,207.9,5160,RIGHT,1,Counting
elisius1,6,44,10842,11136,296,1305,237.5,5069,RIGHT,1,Counting
elisius1,6,45,11186,11318,134,1192.3,477.1,5219,RIGHT,1,Counting
elisius1,6,46,11350,11594,246,1364.2,507.1,5248,RIGHT,1,Counting
elisius1,6,47,11642,11810,170,1097.1,625.2,5245,RIGHT,1,Counting
elisius1,6,48,11832,11988,158,1156.7,617.4,5284,RIGHT,1,Counting
elisius1,6,49,12052,12240,190,1242.3,972.1,5242,RIGHT,1,Counting
elisius1,6,50,12260,12674,416,1192,950.7,5292,RIGHT,1,Counting
elisius1,6,51,12734,12972,240,518.3,865.8,5385,RIGHT,1,Counting
elisius1,6,52,12996,13174,180,506.2,790.5,5349,RIGHT,1,Counting
elisius1,6,53,13226,13438,214,211.7,965.9,5287,RIGHT,1,Counting
elisius1,6,54,13452,13642,192,240.1,953.8,5221,RIGHT,1,Counting
elisius1,6,55,13688,13878,192,721.3,898.4,5186,RIGHT,1,Counting
elisius1,6,56,13902,14066,166,698.1,811.2,5250,RIGHT,1,Counting
elisius1,6,57,14096,14264,170,772.7,931.6,5330,RIGHT,1,Counting
elisius1,6,58,14272,14422,152,788.7,934.4,5297,RIGHT,1,Counting
elisius1,6,59,14464,14740,278,501.4,632.9,5233,RIGHT,1,Counting
elisius1,6,60,14768,14982,216,376.6,578.4,5147,RIGHT,1,Counting
elisius1,6,61,15006,15200,196,317,619,5081,RIGHT,1,Counting
elisius1,6,62,15242,15600,360,666.6,504.1,5057,RIGHT,1,Counting
elisius1,6,63,15636,15872,238,449.6,374.5,4962,RIGHT,1,Counting
elisius1,6,64,15908,16158,252,377,225.2,4820,RIGHT,1,Counting
elisius1,6,65,16184,16370,188,244.4,258.4,4728,RIGHT,1,Counting
elisius1,6,66,16440,16662,224,1208.7,511.5,4875,RIGHT,1,Counting
elisius1,6,67,16692,16884,194,1147.4,359,4966,RIGHT,1,Counting
elisius1,6,68,16926,17174,250,1362.9,196.8,4769,RIGHT,1,Counting
elisius1,6,69,17198,17442,246,1294.6,242.2,4826,RIGHT,1,Counting
elisius1,6,70,17450,17634,186,1301.9,236.9,4848,RIGHT,1,Counting
elisius1,6,71,17692,17920,230,710,215.5,4942,RIGHT,1,Counting
elisius1,6,72,17944,18206,264,754.2,256.1,4961,RIGHT,1,Counting
elisius1,6,73,18244,18474,232,609.8,61.9,4791,RIGHT,1,Counting
elisius1,6,74,18494,18668,176,582.4,87.4,4811,RIGHT,1,Counting
elisius1,6,75,18714,18900,188,385.5,169,4862,RIGHT,1,Counting
elisius1,6,76,18930,19158,230,242.1,109.9,4892,RIGHT,1,Counting
elisius1,6,77,19176,19396,222,218.1,81,4826,RIGHT,1,Counting
elisius1,6,78,19450,19680,232,901.4,66,4825,RIGHT,1,Counting
elisius1,6,79,19736,19960,226,1498.8,108.2,4795,RIGHT,1,Counting
elisius1,6,80,19980,20128,150,1528.8,78.4,4868,RIGHT,1,Counting
elisius1,6,81,20154,20302,150,1603.7,29.8,4871,RIGHT,1,Counting
elisius1,6,82,20346,20480,136,1383.8,65.9,4939,RIGHT,1,Counting
elisius1,6,83,20502,20784,284,1423,86.4,4935,RIGHT,1,Counting
elisius1,6,84,20858,21038,182,764.5,555,5431,RIGHT,1,Counting
elisius1,6,85,21094,21194,102,353.9,475.5,5476,RIGHT,1,Counting
elisius1,7,1,4,148,146,345.5,475.1,5455,RIGHT,1,Counting
elisius1,7,2,190,442,254,792.9,569,5528,RIGHT,1,Counting
elisius1,7,3,484,622,140,1129,492.2,5479,RIGHT,1,Counting
elisius1,7,4,688,852,166,726.3,902.1,5105,RIGHT,1,Counting
elisius1,7,5,876,1218,344,657,859,4997,RIGHT,1,Counting
elisius1,7,6,1266,1516,252,308.4,599.1,5029,RIGHT,1,Counting
elisius1,7,7,1562,1958,398,651.8,837.8,5060,RIGHT,1,Counting
elisius1,7,8,2018,2224,208,1486.3,898.5,4955,RIGHT,1,Counting
elisius1,7,9,2288,2586,300,660.3,874,5056,RIGHT,1,Counting
elisius1,7,10,2640,2994,356,307.8,955.7,4994,RIGHT,1,Counting
elisius1,7,11,3044,3178,136,668.2,579.3,4998,RIGHT,1,Counting
elisius1,7,12,3234,3356,124,197,618.9,5057,RIGHT,1,Counting
elisius1,7,13,3420,3584,166,1060.7,565.3,5031,RIGHT,1,Counting
elisius1,7,14,3610,3758,150,1133.2,540.4,4956,RIGHT,1,Counting
elisius1,7,15,3810,4072,264,796.3,646.8,4838,RIGHT,1,Counting
elisius1,7,16,4122,4250,130,647.9,794.2,4859,RIGHT,1,Counting
elisius1,7,17,4286,4526,242,770,630.3,4858,RIGHT,1,Counting
elisius1,7,18,4572,4744,174,654.9,814.6,4823,RIGHT,1,Counting
elisius1,7,19,4764,4990,228,662.9,842.8,4879,RIGHT,1,Counting
elisius1,7,20,5040,5218,180,1247.8,816.1,4869,RIGHT,1,Counting
elisius1,7,21,5276,5470,196,766.7,678.7,4913,RIGHT,1,Counting
elisius1,7,22,5500,5768,270,625.4,718.9,4839,RIGHT,1,Counting
elisius1,7,23,5802,6030,230,674.3,872.3,4819,RIGHT,1,Counting
elisius1,7,24,6044,6378,336,661.2,843.7,4787,RIGHT,1,Counting
elisius1,7,25,6432,6718,288,354.9,944.5,4733,RIGHT,1,Counting
elisius1,7,26,6740,6908,170,303.2,954.2,4719,RIGHT,1,Counting
elisius1,7,27,6966,7196,232,1005,857.3,4602,RIGHT,1,Counting
elisius1,7,28,7230,7384,156,796.1,912,4664,RIGHT,1,Counting
elisius1,7,29,7436,7650,216,1320.2,873.8,4622,RIGHT,1,Counting
elisius1,7,30,7676,7848,174,1208.3,850.3,4682,RIGHT,1,Counting
elisius1,7,31,7892,8288,398,822.3,649.3,4669,RIGHT,1,Counting
elisius1,7,32,8336,8500,166,633.8,829.7,4559,RIGHT,1,Counting
elisius1,7,33,8520,8842,324,651.2,865.2,4564,RIGHT,1,Counting
elisius1,7,34,8890,9114,226,329.6,989.1,4547,RIGHT,1,Counting
elisius1,7,35,9170,9400,232,180.1,609.1,4441,RIGHT,1,Counting
elisius1,7,36,9460,9630,172,1054.8,524.3,4443,RIGHT,1,Counting
elisius1,7,37,9660,10086,428,860.3,640.5,4634,RIGHT,1,Counting
elisius1,7,38,10146,10366,222,1499.4,793.5,4714,RIGHT,1,Counting
elisius1,7,39,10388,10504,118,1451.1,817.8,4769,RIGHT,1,Counting
elisius1,7,40,10564,10718,156,941.2,566.7,4762,RIGHT,1,Counting
elisius1,7,41,10774,11004,232,585.6,906.7,4654,RIGHT,1,Counting
elisius1,7,42,11022,11102,82,630.7,880.8,4676,RIGHT,1,Counting
elisius1,7,43,11122,11454,334,659.3,849.8,4754,RIGHT,1,Counting
elisius1,7,44,11466,11562,98,633.6,853.9,4739,RIGHT,1,Counting
elisius1,7,45,11614,11792,180,267.6,962.1,4711,RIGHT,1,Counting
elisius1,7,46,11846,12058,214,189,610.7,4670,RIGHT,1,Counting
elisius1,7,47,12122,12326,206,1046.9,539,4584,RIGHT,1,Counting
elisius1,7,48,12348,12606,260,1105.5,534.2,4653,RIGHT,1,Counting
elisius1,7,49,12658,12960,304,825.5,644.2,4700,RIGHT,1,Counting
elisius1,7,50,13028,13198,172,108.3,677.6,4693,RIGHT,1,Counting
elisius1,7,51,13218,13448,232,147.6,633.9,4701,RIGHT,1,Counting
elisius1,7,52,13488,13722,236,434.2,704.7,4699,RIGHT,1,Counting
elisius1,7,53,13766,14012,248,797.1,675.1,4721,RIGHT,1,Counting
elisius1,7,54,14066,14330,266,1480,766.4,4713,RIGHT,1,Counting
elisius1,7,55,14356,14482,128,1390,715.1,4794,RIGHT,1,Counting
elisius1,7,56,14548,14708,162,438.8,661,4841,RIGHT,1,Counting
elisius1,7,57,14754,14934,182,180.3,636.8,4792,RIGHT,1,Counting
elisius1,7,58,14980,15234,256,797.4,630.8,4781,RIGHT,1,Counting
elisius1,7,59,15296,15694,400,189.4,625.1,4976,RIGHT,1,Counting
elisius1,7,60,15746,16202,458,874.1,613.1,4943,RIGHT,1,Counting
elisius1,7,61,16248,16538,292,305.5,620.7,4800,RIGHT,1,Counting
elisius1,7,62,16580,16864,286,162.8,643.5,4798,RIGHT,1,Counting
elisius1,7,63,16904,17020,118,629.2,656.6,4848,RIGHT,1,Counting
elisius1,7,64,17078,17292,216,112.5,686.2,4725,RIGHT,1,Counting
elisius1,7,65,17316,17496,182,89.5,706.2,4715,RIGHT,1,Counting
elisius1,7,66,17538,17666,130,103.5,837.6,4809,RIGHT,1,Counting
elisius1,7,67,17680,17808,130,100.1,816.5,4880,RIGHT,1,Counting
elisius1,7,68,17854,18140,288,600.6,896.8,4789,RIGHT,1,Counting
elisius1,7,69,18166,18332,168,519.4,925.4,4842,RIGHT,1,Counting
elisius1,7,70,18378,18588,212,288.9,948.4,4819,RIGHT,1,Counting
elisius1,7,71,18624,18798,176,596.8,910.5,4786,RIGHT,1,Counting
elisius1,7,72,18822,18988,168,529.5,923.7,4829,RIGHT,1,Counting
elisius1,7,73,19016,19448,434,616.9,897.6,4817,RIGHT,1,Counting
elisius1,7,74,19466,20050,586,652.7,853,4884,RIGHT,1,Counting
elisius1,7,75,20082,20588,508,829.6,895.3,5015,RIGHT,1,Counting
elisius1,7,76,20612,20834,224,889,866.1,4953,RIGHT,1,Counting
elisius1,7,77,20870,21008,140,930.2,761.6,4869,RIGHT,1,Counting
elisius1,7,78,21034,21184,152,819.9,698.1,4819,RIGHT,1,Counting
elisius1,8,1,4,64,62,816.3,698.2,4751,RIGHT,1,Counting
elisius1,8,2,82,432,352,774.7,698.4,4618,RIGHT,1,Counting
elisius1,8,3,476,624,150,785,406.5,4630,RIGHT,1,Counting
elisius1,8,4,668,988,322,1173.1,391.2,4729,RIGHT,1,Counting
elisius1,8,5,1012,1164,154,1092.1,338.3,4709,RIGHT,1,Counting
elisius1,8,6,1208,1354,148,1307.1,499.6,4816,RIGHT,1,Counting
elisius1,8,7,1382,1532,152,1331.4,578.6,4888,RIGHT,1,Counting
elisius1,8,8,1576,1712,138,1510.8,360.6,4831,RIGHT,1,Counting
elisius1,8,9,1744,2044,302,1300.8,323.7,4859,RIGHT,1,Counting
elisius1,8,10,2082,2320,240,1572.9,331.8,4678,RIGHT,1,Counting
elisius1,8,11,2360,2610,252,1458.7,169,4810,RIGHT,1,Counting
elisius1,8,12,2634,2796,164,1499.6,217.4,4857,RIGHT,1,Counting
elisius1,8,13,2834,3030,198,1344.7,241,4879,RIGHT,1,Counting
elisius1,8,14,3048,3162,116,1330.4,218,4831,RIGHT,1,Counting
elisius1,8,15,3186,3434,250,1410,248.6,4754,RIGHT,1,Counting
elisius1,8,16,3444,3640,198,1391.6,241.9,4754,RIGHT,1,Counting
elisius1,8,17,3670,3916,248,1324.3,175.2,4727,RIGHT,1,Counting
elisius1,8,18,3936,4276,342,1375.4,119.2,4674,RIGHT,1,Counting
elisius1,8,19,4330,4718,390,947.4,240.1,4915,RIGHT,1,Counting
elisius1,8,20,4754,5130,378,1186.5,277.2,4884,RIGHT,1,Counting
elisius1,8,21,5160,5372,214,1068,339.5,4877,RIGHT,1,Counting
elisius1,8,22,5412,5950,540,1186.6,99.3,4674,RIGHT,1,Counting
elisius1,8,23,5994,6326,334,1524.7,158.9,4765,RIGHT,1,Counting
elisius1,8,24,6356,6526,172,1447.9,187.8,4717,RIGHT,1,Counting
elisius1,8,25,6550,6812,264,1392.2,154.1,4672,RIGHT,1,Counting
elisius1,8,26,6840,7048,210,1257.3,81.1,4594,RIGHT,1,Counting
elisius1,8,27,7070,7346,278,1204.3,97.3,4666,RIGHT,1,Counting
elisius1,8,28,7364,7488,126,1231.1,110.5,4654,RIGHT,1,Counting
elisius1,8,29,7514,7744,232,1138.1,80.8,4612,RIGHT,1,Counting
elisius1,8,30,7764,8434,672,1093.1,83.7,4632,RIGHT,1,Counting
elisius1,8,31,8456,8698,244,1150.3,63.8,4749,RIGHT,1,Counting
elisius1,8,32,8738,8912,176,1075.2,115,4965,RIGHT,1,Counting
elisius1,8,33,8938,9226,290,1050.1,171.5,5090,RIGHT,1,Counting
elisius1,8,34,9256,9614,360,1078.5,266.5,5145,RIGHT,1,Counting
elisius1,8,35,9644,9996,354,1063.4,339.1,5046,RIGHT,1,Counting
elisius1,8,36,10028,10224,198,1005.7,242.4,4935,RIGHT,1,Counting
elisius1,8,37,10250,10680,432,936.2,293,4916,RIGHT,1,Counting
elisius1,8,38,10694,10916,224,964.6,317.2,4894,RIGHT,1,Counting
elisius1,8,39,10948,11166,220,920.4,170.3,4836,RIGHT,1,Counting
elisius1,8,40,11192,12326,1136,932.3,212.9,4924,RIGHT,1,Counting
elisius1,8,41,12350,12640,292,994.3,191.4,5280,RIGHT,1,Counting
elisius1,8,42,12666,12882,218,914.6,206.3,5164,RIGHT,1,Counting
elisius1,8,43,12910,13202,294,1012.1,107.2,5065,RIGHT,1,Counting
elisius1,8,44,13212,13330,120,1024.6,95.7,5016,RIGHT,1,Counting
elisius1,8,45,13362,13598,238,865.1,76.1,4842,RIGHT,1,Counting
elisius1,8,46,13626,13862,238,818.2,117.2,4840,RIGHT,1,Counting
elisius1,8,47,13878,14166,290,795.3,137.1,4840,RIGHT,1,Counting
elisius1,8,48,14188,14376,190,851.9,83.4,4861,RIGHT,1,Counting
elisius1,8,49,14408,14644,238,703.1,44.7,4872,RIGHT,1,Counting
elisius1,8,50,14668,14814,148,770.8,46.7,4835,RIGHT,1,Counting
elisius1,8,51,14840,15120,282,705.8,52.2,4885,RIGHT,1,Counting
elisius1,8,52,15136,15354,220,679.8,62.1,4846,RIGHT,1,Counting
elisius1,8,53,15378,15556,180,620.2,63,4881,RIGHT,1,Counting
elisius1,8,54,15566,15860,296,632.1,60.6,4860,RIGHT,1,Counting
elisius1,8,55,15902,16084,184,547.6,142.5,4806,RIGHT,1,Counting
elisius1,8,56,16100,16358,260,570.9,173.1,4943,RIGHT,1,Counting
elisius1,8,57,16392,16662,272,601.5,53.2,4872,RIGHT,1,Counting
elisius1,8,58,16712,16846,136,482,150.6,4869,RIGHT,1,Counting
elisius1,8,59,16866,17374,510,515.9,113.8,4886,RIGHT,1,Counting
elisius1,8,60,17404,17590,188,388.4,109.2,4905,RIGHT,1,Counting
elisius1,8,61,17604,17762,160,385.6,84.8,4862,RIGHT,1,Counting
elisius1,8,62,17790,17964,176,509.4,40.5,4750,RIGHT,1,Counting
elisius1,8,63,18026,18244,220,368.8,496.1,4888,RIGHT,1,Counting
elisius1,8,64,18288,18520,234,437.2,122.9,4736,RIGHT,1,Counting
elisius1,8,65,18546,18790,246,389.7,169.7,4702,RIGHT,1,Counting
elisius1,8,66,18818,19012,196,366.8,66.9,4700,RIGHT,1,Counting
elisius1,8,67,19022,19326,306,382.9,75.4,4838,RIGHT,1,Counting
elisius1,8,68,19388,19586,200,286.4,397.5,5057,RIGHT,1,Counting
elisius1,8,69,19610,19878,270,351.9,341.6,5102,RIGHT,1,Counting
elisius1,8,70,19922,20064,144,561.2,449.1,5087,RIGHT,1,Counting
elisius1,8,71,20120,20356,238,434.8,113.4,4952,RIGHT,1,Counting
elisius1,8,72,20392,20686,296,384.5,163.5,4940,RIGHT,1,Counting
elisius1,8,73,20738,20972,236,767.6,542.8,5139,RIGHT,1,Counting
elisius1,8,74,21022,21184,164,514.4,257,5070,RIGHT,1,Counting
elisius1,9,1,28,346,320,418.1,122.4,4795,RIGHT,1,Counting
elisius1,9,2,536,696,162,580.7,632.5,5045,RIGHT,1,Counting
elisius1,9,3,722,852,132,567.7,681.9,4956,RIGHT,1,Counting
elisius1,9,4,896,1056,162,782.4,557.3,4811,RIGHT,1,Counting
elisius1,9,5,1090,1460,372,880.4,387.5,4609,RIGHT,1,Counting
elisius1,9,6,1488,1692,206,705.8,389.8,4527,RIGHT,1,Counting
elisius1,9,7,1746,2092,348,529.4,705.7,4580,RIGHT,1,Counting
elisius1,9,8,2142,2318,178,835.2,379.7,4544,RIGHT,1,Counting
elisius1,9,9,2348,2692,346,689.5,378,4531,RIGHT,1,Counting
elisius1,9,10,2722,3098,378,894.9,395.3,4587,RIGHT,1,Counting
elisius1,9,11,3132,3306,176,678.6,384.2,4508,RIGHT,1,Counting
elisius1,9,12,3364,3564,202,506.5,670.2,4511,RIGHT,1,Counting
elisius1,9,13,3586,3968,384,551,704,4536,RIGHT,1,Counting
elisius1,9,14,3998,4112,116,667.1,747.5,4556,RIGHT,1,Counting
elisius1,9,15,4172,4376,206,717.1,383.5,4539,RIGHT,1,Counting
elisius1,9,16,4406,4728,324,869.6,384,4331,RIGHT,1,Counting
elisius1,9,17,4748,4904,158,927.6,398.9,4194,RIGHT,1,Counting
elisius1,9,18,4920,5238,320,886.4,392.3,4224,RIGHT,1,Counting
elisius1,9,19,5266,5480,216,979.7,399.4,4321,RIGHT,1,Counting
elisius1,9,20,5536,5686,152,1023.1,721.2,4475,RIGHT,1,Counting
elisius1,9,21,5714,5882,170,938.8,684.8,4490,RIGHT,1,Counting
elisius1,9,22,5896,6336,442,908.1,685,4442,RIGHT,1,Counting
elisius1,9,23,6368,6504,138,1070.6,688.9,4456,RIGHT,1,Counting
elisius1,9,24,6518,6648,132,1038.9,689.6,4483,RIGHT,1,Counting
elisius1,9,25,6662,6808,148,1022.4,670,4479,RIGHT,1,Counting
elisius1,9,26,6816,7002,188,1002,668,4467,RIGHT,1,Counting
elisius1,9,27,7034,7190,158,1175.2,669.5,4475,RIGHT,1,Counting
elisius1,9,28,7216,7434,220,1055.3,655.4,4606,RIGHT,1,Counting
elisius1,9,29,7470,7692,224,1200.4,671.6,4636,RIGHT,1,Counting
elisius1,9,30,7706,8138,434,1216.3,689.9,4693,RIGHT,1,Counting
elisius1,9,31,8156,8962,808,1271.1,686.2,4654,RIGHT,1,Counting
elisius1,9,32,8974,9644,672,1297.5,686.4,4778,RIGHT,1,Counting
elisius1,9,33,9662,10092,432,1332.1,694.8,4878,RIGHT,1,Counting
elisius1,9,34,10118,10312,196,1424.4,727.6,4783,RIGHT,1,Counting
elisius1,9,35,10322,10586,266,1401.6,730.7,4786,RIGHT,1,Counting
elisius1,9,36,10606,10814,210,1354.8,714.8,4711,RIGHT,1,Counting
elisius1,9,37,10836,11310,476,1400.2,736.1,4785,RIGHT,1,Counting
elisius1,9,38,11320,11634,316,1419.5,739.1,4801,RIGHT,1,Counting
elisius1,9,39,11652,12206,556,1460.3,735.9,5001,RIGHT,1,Counting
elisius1,9,40,12224,12398,176,1414.1,730.1,5057,RIGHT,1,Counting
elisius1,9,41,12420,12708,290,1475.8,739.4,5208,RIGHT,1,Counting
elisius1,9,42,12716,12974,260,1458.1,748.3,5107,RIGHT,1,Counting
elisius1,9,43,12988,13720,734,1478.7,733.8,5083,RIGHT,1,Counting
elisius1,9,44,13732,14718,988,1494.1,719.5,5066,RIGHT,1,Counting
elisius1,9,45,14730,14942,214,1507.6,712.6,5048,RIGHT,1,Counting
elisius1,9,46,14960,15240,282,1483.6,686.8,4979,RIGHT,1,Counting
elisius1,9,47,15252,15802,552,1486,670,4808,RIGHT,1,Counting
elisius1,9,48,15816,16724,910,1508,702.7,4832,RIGHT,1,Counting
elisius1,9,49,16740,17144,406,1519,699.8,4983,RIGHT,1,Counting
elisius1,9,50,17166,17512,348,1558.2,735.4,5018,RIGHT,1,Counting
elisius1,9,51,17526,17972,448,1527.8,716.2,4986,RIGHT,1,Counting
elisius1,9,52,17992,18300,310,1570,749.6,4958,RIGHT,1,Counting
elisius1,9,53,18314,18784,472,1536.6,735.5,4912,RIGHT,1,Counting
elisius1,9,54,18798,19188,392,1552.3,742.8,4967,RIGHT,1,Counting
elisius1,9,55,19204,19378,176,1573.9,722,4934,RIGHT,1,Counting
elisius1,9,56,19438,19636,200,825.2,681.6,5070,RIGHT,1,Counting
elisius1,9,57,19660,19864,206,901.9,668,4941,RIGHT,1,Counting
elisius1,9,58,19916,20280,366,1555.3,758.4,4651,RIGHT,1,Counting
elisius1,9,59,20300,20440,142,1605.5,779.8,4626,RIGHT,1,Counting
elisius1,9,60,20512,20802,292,525.6,685.3,4717,RIGHT,1,Counting
elisius1,9,61,20828,21166,340,638.9,736,4519,RIGHT,1,Counting
elisius1,10,1,4,334,332,672.5,745.1,4449,RIGHT,1,Counting
elisius1,10,2,376,580,206,759.4,506.2,4464,RIGHT,1,Counting
elisius1,10,3,624,762,140,573,649.3,4486,RIGHT,1,Counting
elisius1,10,4,776,930,156,605,659.9,4464,RIGHT,1,Counting
elisius1,10,5,974,1120,148,752.1,469,4452,RIGHT,1,Counting
elisius1,10,6,1146,1412,268,841.5,478.1,4436,RIGHT,1,Counting
elisius1,10,7,1432,1578,148,889.8,476.4,4437,RIGHT,1,Counting
elisius1,10,8,1592,1694,104,858.7,469.3,4438,RIGHT,1,Counting
elisius1,10,9,1720,1978,260,927,395.6,4420,RIGHT,1,Counting
elisius1,10,10,2000,2230,232,1000.2,372,4415,RIGHT,1,Counting
elisius1,10,11,2256,2454,200,1067.2,295.6,4319,RIGHT,1,Counting
elisius1,10,12,2478,2836,360,1013.6,341.9,4279,RIGHT,1,Counting
elisius1,10,13,2864,3196,334,1103.8,246.8,4188,RIGHT,1,Counting
elisius1,10,14,3216,3386,172,1141.5,219.9,4163,RIGHT,1,Counting
elisius1,10,15,3400,3642,244,1164.9,204.3,4171,RIGHT,1,Counting
elisius1,10,16,3664,3808,146,1190.4,159.1,4149,RIGHT,1,Counting
elisius1,10,17,3836,4236,402,1287.5,108.9,4110,RIGHT,1,Counting
elisius1,10,18,4254,4678,426,1273,65.4,4091,RIGHT,1,Counting
elisius1,10,19,4698,4878,182,1236.7,71.6,4095,RIGHT,1,Counting
elisius1,10,20,4890,5282,394,1256,71.4,4140,RIGHT,1,Counting
elisius1,10,21,5312,5470,160,1146.5,123.7,4261,RIGHT,1,Counting
elisius1,10,22,5486,5830,346,1172.5,114.1,4348,RIGHT,1,Counting
elisius1,10,23,5854,6568,716,1107.3,131.1,4447,RIGHT,1,Counting
elisius1,10,24,6608,7356,750,997.4,216.7,4638,RIGHT,1,Counting
elisius1,10,25,7386,7690,306,923.4,247.1,4606,RIGHT,1,Counting
elisius1,10,26,7702,7934,234,902.7,253.1,4612,RIGHT,1,Counting
elisius1,10,27,7970,8280,312,764.8,303.2,4650,RIGHT,1,Counting
elisius1,10,28,8292,8528,238,751.7,318.6,4542,RIGHT,1,Counting
elisius1,10,29,8578,8760,184,549,439.7,4547,RIGHT,1,Counting
elisius1,10,30,8772,9160,390,571.5,430.9,4546,RIGHT,1,Counting
elisius1,10,31,9216,9386,172,259.8,618,4516,RIGHT,1,Counting
elisius1,10,32,9410,9658,250,316.6,575.6,4597,RIGHT,1,Counting
elisius1,10,33,9708,9922,216,330.5,164.6,4395,RIGHT,1,Counting
elisius1,10,34,9964,10334,372,573.9,83,4238,RIGHT,1,Counting
elisius1,10,35,10356,10530,176,634.1,72.4,4226,RIGHT,1,Counting
elisius1,10,36,10570,10852,284,303.4,53,4289,RIGHT,1,Counting
elisius1,10,37,10920,10962,44,407.7,483.8,4490,RIGHT,1,Counting
elisius1,10,38,11012,11410,400,181.8,424.3,4452,RIGHT,1,Counting
elisius1,10,39,11444,11792,350,329.9,270.9,4449,RIGHT,1,Counting
elisius1,10,40,11818,12072,256,377.1,319.2,4571,RIGHT,1,Counting
elisius1,10,41,12124,12460,338,774.4,457.5,4814,RIGHT,1,Counting
elisius1,10,42,12506,13188,684,460.9,240.2,4712,RIGHT,1,Counting
elisius1,10,43,13220,13692,474,322.4,281.2,4587,RIGHT,1,Counting
elisius1,10,44,13734,14066,334,443.1,356.8,4603,RIGHT,1,Counting
elisius1,10,45,14090,14338,250,384,366.2,4563,RIGHT,1,Counting
elisius1,10,46,14360,14570,212,329,298.6,4435,RIGHT,1,Counting
elisius1,10,47,14608,14944,338,545.3,272.7,4379,RIGHT,1,Counting
elisius1,10,48,14966,15302,338,485.6,281.7,4325,RIGHT,1,Counting
elisius1,10,49,15316,15604,290,505.5,264,4395,RIGHT,1,Counting
elisius1,10,50,15632,15828,198,634.5,244.9,4411,RIGHT,1,Counting
elisius1,10,51,15842,16140,300,609.1,238.2,4387,RIGHT,1,Counting
elisius1,10,52,16170,16362,194,724,206.2,4285,RIGHT,1,Counting
elisius1,10,53,16376,16782,408,689.9,203.5,4266,RIGHT,1,Counting
elisius1,10,54,16806,17086,282,780.7,192.3,4299,RIGHT,1,Counting
elisius1,10,55,17098,17412,316,786.4,166.3,4383,RIGHT,1,Counting
elisius1,10,56,17436,17838,404,858.7,166.4,4397,RIGHT,1,Counting
elisius1,10,57,17852,18084,234,885.1,152.6,4399,RIGHT,1,Counting
elisius1,10,58,18112,18354,244,1007.2,114.5,4472,RIGHT,1,Counting
elisius1,10,59,18380,18582,204,912,128.7,4498,RIGHT,1,Counting
elisius1,10,60,18598,19022,426,881.7,141.1,4442,RIGHT,1,Counting
elisius1,10,61,19034,19286,254,900.1,144.6,4462,RIGHT,1,Counting
elisius1,10,62,19310,19610,302,989.4,116.8,4470,RIGHT,1,Counting
elisius1,10,63,19654,19978,326,545.1,89.4,4480,RIGHT,1,Counting
elisius1,10,64,20034,20248,216,1015.9,135.3,4429,RIGHT,1,Counting
elisius1,10,65,20262,20574,314,1008,115.2,4444,RIGHT,1,Counting
elisius1,10,66,20608,20950,344,1229.5,66.3,4390,RIGHT,1,Counting
elisius1,10,67,20974,21184,212,1157.1,58.5,4333,RIGHT,1,Counting
